Assembly	# contigs (>= 0 bp)	# contigs (>= 1000 bp)	# contigs (>= 5000 bp)	# contigs (>= 10000 bp)	# contigs (>= 25000 bp)	# contigs (>= 50000 bp)	Total length (>= 0 bp)	Total length (>= 1000 bp)	Total length (>= 5000 bp)	Total length (>= 10000 bp)	Total length (>= 25000 bp)	Total length (>= 50000 bp)	# contigs	Largest contig	Total length	GC (%)	N50	N90	auN	L50	L90	# N's per 100 kbp
GCA_000007465.2_ASM746v2_genomic	1	1	1	1	1	1	2032925	2032925	2032925	2032925	2032925	2032925	1	2032925	2032925	36.83	2032925	2032925	2032925.0	1	1	0.00
GCA_000091645.1_ASM9164v1_genomic	1	1	1	1	1	1	2013587	2013587	2013587	2013587	2013587	2013587	1	2013587	2013587	36.85	2013587	2013587	2013587.0	1	1	0.00
GCA_000228745.2_SMUT4-NEX_2-101_genomic	141	105	72	54	24	7	1816188	1798704	1716771	1582044	1050007	450157	141	93807	1816188	36.97	30986	8137	34946.5	19	60	0.00
GCA_000228765.2_SMUT4-NEX_3-109_genomic	146	100	71	57	20	9	1801671	1780802	1719926	1612226	989840	590221	146	83012	1801671	37.03	31050	9849	37105.6	17	58	0.00
GCA_000228785.2_SMUT3-NEX_4-11_genomic	141	112	77	54	25	7	1799918	1786985	1698942	1530828	1055920	433350	141	88578	1799918	37.01	31032	7521	33319.5	20	65	0.00
GCA_000228805.2_SMUT4-NEX_4-110_genomic	135	105	73	50	26	6	1809107	1794141	1717921	1543981	1159564	395916	135	76443	1809107	36.97	36980	7992	35642.7	19	60	0.00
GCA_000228825.2_SMUT4-NEX_5-116_genomic	60	45	35	31	23	17	1929685	1922206	1896433	1868945	1719577	1512738	60	159351	1929685	36.72	86930	22085	81673.5	9	24	0.00
GCA_000228845.2_SMUT4-NEX_7-120_genomic	159	114	76	57	21	4	1776899	1755518	1663829	1521071	881750	292315	159	78795	1776899	37.02	24751	7251	31399.8	22	67	0.00
GCA_000228865.2_SMUT4-NEX_8-123_genomic	109	86	61	45	27	10	1890503	1878892	1811182	1690356	1381422	779291	109	116231	1890503	36.80	42228	9661	49758.5	14	47	0.00
GCA_000228885.2_SMUT4-NEX_9-125_genomic	96	80	58	44	23	11	1861689	1853693	1799587	1693626	1333149	855578	96	105649	1861689	36.85	48606	11390	51648.3	13	43	0.00
GCA_000228905.2_SMUT4-NEX_10-138_genomic	131	102	68	54	25	7	1805076	1790101	1705528	1599423	1077441	451955	131	93831	1805076	36.99	30160	8832	35558.6	19	57	0.00
GCA_000228925.2_SMUT4-NEX_11-143_genomic	157	110	77	59	23	4	1776306	1754743	1677569	1540363	933767	292114	157	78794	1776306	37.02	26032	8069	31545.2	22	66	0.00
GCA_000228945.2_SMUT4-NEX_12-145_genomic	99	80	55	41	27	10	1877792	1867913	1804584	1702983	1450353	801654	99	110575	1877792	36.83	47556	11356	52584.0	13	40	0.00
GCA_000228965.2_SMUT4-NEX_21-146_genomic	143	106	69	53	23	8	1785489	1768361	1682831	1554655	1035649	529130	143	94344	1785489	37.02	30114	8714	36512.1	18	59	0.00
GCA_000228985.2_SMUT4-NEX_25-148_genomic	120	95	67	51	27	7	1819408	1807778	1735265	1612774	1171276	449300	120	84520	1819408	36.98	36344	8697	36771.5	18	54	0.00
GCA_000229005.2_SMUT4-NEX_34-149_genomic	117	92	61	52	29	5	1822635	1811099	1728928	1659283	1237594	425000	117	116196	1822635	36.99	31974	13204	41879.9	18	51	0.00
GCA_000229025.2_SMUT4-NEX_50-151_genomic	121	97	64	52	26	7	1820468	1809777	1729092	1635581	1212574	497547	121	93842	1820468	36.99	37533	9558	40250.3	17	53	0.00
GCA_000229045.2_SMUT4-NEX_57-152_genomic	101	83	62	48	22	10	1851396	1842937	1787815	1679264	1219157	780690	101	106220	1851396	36.88	42229	11014	48460.0	14	47	0.00
GCA_000229065.2_SMUT4-NEX_62-153_genomic	55	50	34	29	21	17	1927654	1925676	1887536	1849958	1690438	1534418	55	139800	1927654	36.74	85176	23505	81880.1	10	23	0.00
GCA_000229085.2_SMUT4-NEX_78-154_genomic	120	97	69	54	26	6	1818945	1807886	1737652	1622593	1134009	426244	120	93814	1818945	36.98	34277	9025	37309.6	18	56	0.00
GCA_000229105.2_SMUT5-NEX_3-162_genomic	130	102	72	53	24	6	1817871	1803244	1724101	1578372	1043873	408934	130	84507	1817871	36.98	29444	8093	35086.8	19	60	0.00
GCA_000229125.2_SMUT5-NEX_4-163_genomic	92	76	58	42	27	13	1897877	1889846	1849729	1728634	1477029	948545	92	98829	1897877	36.81	49441	11334	52247.3	14	41	0.00
GCA_000229145.2_SMUT5-NEX_5-164_genomic	115	87	60	49	26	9	1829200	1815747	1748673	1663787	1295852	647614	115	93828	1829200	37.00	41618	10267	44463.0	15	48	0.00
GCA_000229165.2_SMUT5-NEX_6-169_genomic	59	48	33	29	23	17	1927770	1922661	1887161	1859363	1743122	1530502	59	134089	1927770	36.75	86930	27010	80161.0	10	23	0.00
GCA_000229185.2_SMUT5-NEX_7-170_genomic	86	70	54	47	29	12	1899487	1889888	1850222	1801468	1472929	815413	86	109607	1899487	36.77	47528	16752	48401.7	15	41	0.00
GCA_000229205.2_SMUT5-NEX_9-173_genomic	112	87	60	46	27	8	1872679	1859150	1790877	1692095	1356166	640075	112	103756	1872679	36.82	41712	11360	47617.0	15	46	0.00
GCA_000229225.2_SMUT5-NEX_12-176_genomic	128	106	77	52	26	5	1794749	1784432	1713267	1526239	1050914	366998	128	84157	1794749	37.02	27829	8071	34136.0	21	62	0.00
GCA_000229245.2_SMUT5-NEX_21-177_genomic	110	88	62	45	28	10	1882948	1873034	1807107	1681714	1386406	735374	110	114811	1882948	36.81	42240	9661	46739.8	15	47	0.00
GCA_000229265.2_SMUT5-NEX_34-179_genomic	126	102	72	54	25	5	1818201	1807115	1728908	1589070	1072635	365790	126	84516	1818201	36.98	28529	8344	35521.4	19	60	0.00
GCA_000229285.2_SMUT5-NEX_57-187_genomic	127	93	63	49	21	9	1765562	1749120	1672919	1565679	1092143	644692	127	121371	1765562	37.01	38101	9672	43603.2	15	52	0.00
GCA_000229305.2_SMUT5-NEX_62-191_genomic	120	94	67	50	26	8	1832015	1820298	1752316	1629202	1204033	531194	120	93931	1832015	36.97	41128	9060	39091.5	17	53	0.00
GCA_000229325.2_SMUT5-NEX_93-196_genomic	90	73	58	50	28	10	1898193	1889637	1851975	1794539	1415104	720122	90	109653	1898193	36.77	44091	16643	47587.0	15	44	0.00
GCA_000229345.2_SMUT6-NEX_2-201_genomic	146	105	75	59	21	6	1770853	1752480	1680770	1566712	956936	398026	146	78621	1770853	37.03	26835	8051	33971.4	19	63	0.00
GCA_000229365.2_SMUT6-NEX_3-202_genomic	115	88	66	55	22	8	1820309	1807857	1756142	1674103	1091891	543451	115	109648	1820309	36.95	40783	13212	40358.1	17	52	0.00
GCA_000229385.2_SMUT6-NEX_4-204_genomic	136	86	62	51	23	10	1847156	1821777	1770662	1687972	1190840	707327	136	91769	1847156	36.96	46262	11574	43515.2	15	49	0.00
GCA_000229405.2_SMUT6-NEX_5-210_genomic	135	98	68	51	26	5	1809350	1792562	1721274	1590236	1162948	352896	135	83176	1809350	36.97	36553	8338	36439.7	19	56	0.00
GCA_000229425.2_SMUT6-NEX_6-212_genomic	194	113	74	57	20	6	1771432	1740290	1653339	1527531	909553	373671	194	85262	1771432	37.02	26402	7468	32390.0	20	65	0.00
GCA_000229445.2_SMUT6-NEX_8-218_genomic	136	104	74	52	25	6	1789375	1777039	1700921	1532909	1068096	402391	136	78427	1789375	36.98	31424	8404	34290.8	19	61	0.00
GCA_000229465.2_SMUT6-NEX_9-219_genomic	131	94	67	57	25	5	1809266	1792026	1733242	1665889	1092822	368884	131	109858	1809266	37.02	31042	12563	37679.9	19	54	0.00
GCA_000229485.2_SMUT6-NEX_10-220_genomic	145	96	69	51	23	8	1790639	1771021	1705351	1572654	1107522	557855	145	82705	1790639	36.98	35359	8408	38795.3	17	56	0.00
GCA_000229505.2_SMUT6-NEX_11-222_genomic	101	84	60	45	24	9	1861625	1852954	1792207	1684482	1320225	738088	101	106214	1861625	36.85	44364	10032	50130.9	14	45	0.00
GCA_000229525.2_SMUT6-NEX_12-223_genomic	134	98	74	56	27	4	1809565	1791077	1724288	1596261	1083649	295490	134	93809	1809565	36.97	29445	8296	33973.4	21	60	0.00
GCA_000229545.2_SMUT6-NEX_21-224_genomic	133	98	69	52	23	9	1797735	1779833	1717172	1581667	1086315	584412	133	83017	1797735	37.03	35330	9419	37712.2	17	56	0.00
GCA_000229565.2_SMUT6-NEX_25-227_genomic	130	103	72	56	25	6	1802905	1789028	1706283	1586688	1032578	392550	130	93809	1802905	37.00	28411	8060	33789.6	21	61	0.00
GCA_000229585.2_SMUT6-NEX_34-228_genomic	109	91	68	50	24	7	1859995	1849198	1784570	1656097	1213536	551575	109	109711	1859995	36.85	41003	9498	43595.8	16	52	0.00
GCA_000229605.2_SMUT6-NEX_50-234_genomic	106	91	68	48	24	9	1854930	1845868	1783484	1631949	1196291	620968	106	84580	1854930	36.82	41164	9394	41367.5	16	52	0.00
GCA_000229625.2_SMUT6-NEX_57-239_genomic	86	71	56	48	28	12	1898217	1889950	1851954	1794593	1446891	845677	86	109746	1898217	36.77	44499	16697	49381.7	15	42	0.00
GCA_000229645.2_SMUT6-NEX_62-242_genomic	61	52	34	30	21	17	1914397	1910892	1866457	1838026	1669959	1525802	61	134094	1914397	36.78	86919	19299	80397.3	9	24	0.00
GCA_000229665.2_SMUT6-NEX_78-243_genomic	66	55	37	31	22	17	1914702	1910234	1869602	1828488	1661028	1485865	66	134080	1914702	36.78	73846	19302	77430.0	10	25	0.00
GCA_000229685.2_SMUT6-NEX_93-244_genomic	143	104	75	60	21	6	1771140	1753195	1687444	1579386	966628	398002	143	78588	1771140	37.04	29351	8614	34217.0	19	62	0.00
GCA_000229705.2_SMUT7-NEX_2-249_genomic	98	79	58	44	24	12	1879409	1869916	1817083	1716061	1375373	920462	98	110586	1879409	36.81	48722	11056	52961.3	13	42	0.00
GCA_000229725.2_SMUT7-NEX_4-256_genomic	110	85	56	45	25	8	1881106	1870513	1792821	1718956	1368588	731967	110	108317	1881106	36.81	41730	11055	53238.7	13	43	0.00
GCA_000229745.2_SMUT7-NEX_5-260_genomic	141	108	74	56	25	5	1799001	1782810	1701883	1566136	1023042	318177	141	93807	1799001	37.01	29436	8090	32436.1	21	62	0.00
GCA_000229765.2_SMUT7-NEX_6-264_genomic	137	90	65	54	26	7	1824597	1806429	1741570	1661342	1201710	491188	137	93829	1824597	36.98	37612	10974	39794.9	17	53	0.00
GCA_000229785.2_SMUT7-NEX_7-267_genomic	127	99	71	54	26	6	1819735	1804903	1736695	1599435	1118130	403602	127	84513	1819735	36.98	32752	8844	35249.8	19	59	0.00
GCA_000229805.2_SMUT7-NEX_8-268_genomic	92	76	58	46	27	10	1855678	1847244	1800122	1702453	1353159	699970	92	93809	1855678	36.86	46829	15656	46024.9	15	44	0.00
GCA_000229825.2_SMUT7-NEX_9-278_genomic	98	79	58	48	28	8	1856336	1846066	1789672	1705984	1347487	580356	98	93805	1856336	36.86	42846	14765	44560.9	16	46	0.00
GCA_000229845.2_SMUT7-NEX_10-279_genomic	136	104	75	56	25	5	1809821	1793241	1718376	1576219	1027212	347765	136	93809	1809821	36.96	28111	8040	33611.7	21	62	0.00
GCA_000229865.2_SMUT7-NEX_11-280_genomic	119	90	69	55	25	6	1818786	1804565	1754488	1646539	1116884	419789	119	93815	1818786	36.95	30160	10560	37464.8	18	55	0.00
GCA_000229885.2_SMUT7-NEX_12-289_genomic	140	110	76	59	25	5	1798201	1782970	1700004	1572602	999159	318188	140	93811	1798201	37.01	27585	7982	31721.3	22	65	0.00
GCA_000229905.2_SMUT7-NEX_21-292_genomic	137	106	76	52	25	5	1810877	1794746	1715849	1533646	1038504	347805	137	93815	1810877	36.98	28102	8047	33956.7	20	63	0.00
GCA_000229925.2_SMUT7-NEX_25-294_genomic	109	82	63	48	27	9	1891335	1879461	1828452	1714885	1338399	668668	109	114819	1891335	36.80	41154	13693	45689.7	16	47	0.00
GCA_000229945.2_SMUT7-NEX_34-298_genomic	136	100	70	54	24	6	1743498	1727980	1651794	1536817	1045648	421687	136	78817	1743498	37.04	29034	8402	35517.6	18	58	0.00
GCA_000229965.2_SMUT3-NEX_6-30_genomic	103	79	56	44	28	11	1880026	1868733	1812155	1730268	1451685	810686	103	103032	1880026	36.83	47534	14765	49655.8	14	41	0.16
GCA_000229985.2_SMUT3-NEX_1-399_genomic	53	45	34	28	23	18	1935728	1931801	1906017	1861167	1769733	1572291	53	152352	1935728	36.73	79621	28115	81966.2	10	23	0.00
GCA_000230005.2_SMUT3-NEX_2-400_genomic	93	77	57	45	26	9	1869620	1862093	1806869	1709448	1392026	742270	93	110260	1869620	36.82	43824	11394	50964.4	14	43	0.00
GCA_000230025.2_SMUT3-NEX_9-51_genomic	57	50	38	35	25	17	1936890	1933400	1906267	1883946	1690110	1380877	57	152365	1936890	36.71	72944	22085	70823.8	11	28	0.00
GCA_000230045.2_SMUT3-NEX_10-62_genomic	135	104	74	55	25	7	1804833	1790472	1712407	1573130	1055754	446839	135	93807	1804833	36.99	29421	8060	34303.7	20	61	0.00
GCA_000230065.2_SMUT3-NEX_11-70_genomic	109	85	58	45	24	10	1855602	1844931	1780906	1690864	1322212	792190	109	106174	1855602	36.83	46287	11111	49762.7	13	44	0.05
GCA_000230085.2_SMUT3-NEX_21-75_genomic	108	82	57	44	27	10	1879483	1866326	1800215	1702598	1404550	772409	108	110567	1879483	36.83	46305	11357	49502.2	14	43	0.05
GCA_000230105.2_SMUT3-NEX_25-78_genomic	110	84	61	45	28	10	1883089	1870232	1811284	1693003	1405059	756412	110	110558	1883089	36.82	46521	9714	47773.8	14	46	0.00
GCA_000230125.2_SMUT3-NEX_34-82_genomic	48	39	29	27	21	18	1941227	1936794	1915353	1904135	1787553	1667710	48	152308	1941227	36.71	86925	43964	89364.8	9	20	0.05
GCA_000230145.2_SMUT3-NEX_50-85_genomic	64	50	33	29	22	18	1921849	1915949	1877394	1849566	1713640	1572223	64	139845	1921849	36.76	85177	24142	80638.1	10	23	0.00
GCA_000230165.2_SMUT3-NEX_57-86_genomic	128	95	65	54	22	8	1820007	1804096	1741789	1666601	1122903	604928	128	103914	1820007	36.98	37573	10875	42669.7	16	52	0.11
GCA_000230185.2_SMUT3-NEX_62-92_genomic	49	39	29	27	21	18	1941392	1936628	1915268	1904052	1787446	1667611	49	152308	1941392	36.71	86920	43959	89340.3	9	20	0.00
GCA_000230205.2_SMUT3-NEX_93-96_genomic	121	88	62	51	30	7	1800548	1785569	1725349	1651114	1293722	471111	121	109653	1800548	37.03	36348	13448	39784.9	18	49	0.11
GCA_000230225.2_SMUT4-NEX_1-99_genomic	132	102	74	52	26	5	1814786	1799748	1729973	1559510	1131705	346015	132	76449	1814786	36.96	36602	8293	34802.3	19	61	0.00
GCA_000271865.1_ASM27186v1_genomic	1	1	1	1	1	1	2027088	2027088	2027088	2027088	2027088	2027088	1	2027088	2027088	36.84	2027088	2027088	2027088.0	1	1	0.00
GCA_000284575.1_ASM28457v1_genomic	1	1	1	1	1	1	2015626	2015626	2015626	2015626	2015626	2015626	1	2015626	2015626	37.05	2015626	2015626	2015626.0	1	1	0.00
GCA_000339055.1_ASM33905v1_genomic	132	97	71	61	27	9	2006359	1990712	1929142	1859565	1285985	627990	132	95388	2006359	36.81	34256	11879	41057.3	18	57	0.00
GCA_000339075.1_ASM33907v1_genomic	104	75	51	49	27	13	1952324	1940442	1882650	1867179	1468810	929794	104	159454	1952324	36.77	49755	16843	54215.6	14	42	0.00
GCA_000339095.1_ASM33909v1_genomic	107	78	61	53	25	13	1925888	1915427	1882026	1825120	1337609	881713	107	90492	1925888	36.89	48902	15279	46233.8	15	46	0.00
GCA_000339115.1_ASM33911v1_genomic	109	79	62	55	27	12	1983724	1970791	1928804	1880760	1406662	863469	109	95794	1983724	36.77	44915	12724	47524.0	15	48	0.00
GCA_000339135.1_ASM33913v1_genomic	139	84	65	52	25	9	1917450	1895163	1853057	1761911	1293342	668575	139	136727	1917450	36.93	41569	10845	47116.4	16	49	0.00
GCA_000339155.1_ASM33915v1_genomic	87	63	54	48	25	13	1932974	1923699	1904329	1865109	1450051	977698	87	139571	1932974	36.87	50989	16982	55900.4	13	39	0.00
GCA_000339175.1_ASM33917v1_genomic	97	68	54	49	32	16	2005341	1994809	1966428	1937362	1655265	1047381	97	99863	2005341	36.72	51492	17178	50127.7	16	40	0.00
GCA_000339195.1_ASM33919v1_genomic	111	80	58	54	28	13	1965562	1952655	1901160	1872860	1411995	861964	111	114582	1965562	36.70	42629	14832	45907.1	16	46	0.00
GCA_000339215.1_ASM33921v1_genomic	127	99	73	64	28	9	2008731	1998540	1940094	1879098	1262528	599891	127	103013	2008731	36.63	34502	12653	38647.5	20	58	0.00
GCA_000339235.1_ASM33923v1_genomic	117	84	66	55	26	11	2021665	2011578	1977299	1900681	1372766	815495	117	115286	2021665	36.65	41206	15654	47380.4	16	49	0.00
GCA_000339255.1_ASM33925v1_genomic	155	97	66	56	23	9	1861960	1835400	1758398	1681400	1135402	580172	155	82570	1861960	36.56	41270	11535	38430.6	17	56	0.00
GCA_000339275.1_ASM33927v1_genomic	86	71	58	50	30	14	1943643	1938943	1910327	1859130	1543801	949719	86	94982	1943643	36.83	49532	14498	48903.6	15	42	0.00
GCA_000339295.1_ASM33929v1_genomic	115	82	58	50	24	12	1990978	1976524	1924589	1863234	1406393	956007	115	164098	1990978	36.59	49043	14518	59815.1	13	44	0.00
GCA_000339315.1_ASM33931v1_genomic	105	81	62	50	24	12	1868494	1860784	1810927	1733342	1273336	794486	105	96033	1868494	36.82	48656	12605	44820.3	15	46	0.00
GCA_000339335.1_ASM33933v1_genomic	110	73	56	50	27	14	1965509	1952583	1914115	1865569	1495048	1018427	110	124557	1965509	36.79	52407	13997	53423.5	14	42	0.00
GCA_000339355.1_ASM33935v1_genomic	97	68	57	50	24	13	1926604	1917338	1899161	1851136	1395211	1044759	97	142471	1926604	36.78	53798	16124	59891.5	12	42	0.00
GCA_000339375.1_ASM33937v1_genomic	113	78	58	54	28	12	1966047	1951827	1906467	1878025	1436224	830150	113	113802	1966047	36.69	42392	15244	47767.7	16	46	0.00
GCA_000339395.1_ASM33939v1_genomic	131	96	71	59	26	9	2002107	1985137	1929739	1852780	1331095	685552	131	96373	2002107	36.85	38413	11882	44172.2	17	55	0.00
GCA_000339415.1_ASM33941v1_genomic	130	95	73	59	27	11	2015161	2000829	1946412	1848425	1316018	703031	130	95306	2015161	36.84	42302	12295	40580.8	18	56	0.00
GCA_000339435.1_ASM33943v1_genomic	97	62	50	45	25	15	1944789	1932302	1906443	1873447	1523394	1187105	97	199671	1944789	36.79	62237	18216	67068.0	12	36	0.00
GCA_000339455.1_ASM33945v1_genomic	112	67	50	47	30	15	1960471	1945678	1913268	1892526	1599272	1056959	112	143466	1960471	36.78	52676	17388	55743.4	14	38	0.00
GCA_000339475.1_ASM33947v1_genomic	163	100	73	62	29	12	2099425	2072686	2019643	1935717	1371888	774769	163	114843	2099425	36.79	36907	12386	40929.6	19	59	0.00
GCA_000339495.1_ASM33949v1_genomic	135	85	61	54	27	12	1963147	1945428	1888112	1833922	1361762	786524	135	106584	1963147	36.83	43238	14447	44429.9	17	49	0.00
GCA_000339515.1_ASM33951v1_genomic	102	72	58	50	28	11	1969096	1956770	1923813	1865344	1503720	898753	102	157461	1969096	36.65	46734	14494	57293.3	13	43	0.00
GCA_000339535.1_ASM33953v1_genomic	120	91	61	55	28	12	1990074	1978606	1911603	1867173	1390617	790989	120	114580	1990074	36.69	42241	12928	44205.7	17	49	0.00
GCA_000339555.1_ASM33955v1_genomic	111	71	59	51	29	13	1948124	1932021	1908480	1852528	1468333	894844	111	105400	1948124	36.71	46070	15897	48566.6	15	44	0.00
GCA_000339575.1_ASM33957v1_genomic	114	72	55	52	29	11	1994929	1981553	1944080	1925830	1529010	847619	114	111405	1994929	36.75	42737	16778	51803.3	15	43	0.00
GCA_000339595.1_ASM33959v1_genomic	100	76	57	48	27	11	1908740	1899272	1854721	1786027	1408983	810824	100	146900	1908740	36.86	48134	15210	53690.0	14	43	0.00
GCA_000339615.1_ASM33961v1_genomic	91	66	53	49	31	16	1992890	1983872	1960075	1933521	1633755	1105446	91	95021	1992890	36.68	55097	16705	52302.5	14	40	0.00
GCA_000339635.1_ASM33963v1_genomic	130	92	68	55	29	12	2003229	1989848	1938751	1847309	1417013	776470	130	95255	2003229	36.85	41963	12277	42963.4	18	52	0.00
GCA_000339655.1_ASM33965v1_genomic	102	79	57	50	33	16	2068485	2060366	2012246	1961196	1667533	1054298	102	97294	2068485	36.65	50855	16498	48937.3	16	43	0.00
GCA_000339675.1_ASM33967v1_genomic	142	87	66	54	26	10	2034346	2011616	1966966	1885291	1380261	748743	142	112279	2034346	36.79	43114	12295	47512.1	16	49	0.00
GCA_000339695.1_ASM33969v1_genomic	111	74	61	55	26	13	1921647	1907211	1876180	1836035	1323570	825123	111	98928	1921647	36.86	42445	14484	43704.1	16	47	0.00
GCA_000339715.1_ASM33971v1_genomic	105	75	58	49	31	12	1969615	1956863	1918618	1852324	1528453	826603	105	95356	1969615	36.67	45031	14933	47144.0	16	44	0.00
GCA_000339735.1_ASM33973v1_genomic	98	71	59	52	31	13	1970005	1959614	1935887	1885988	1495476	829204	98	88451	1970005	36.64	44412	16962	44472.0	17	45	0.00
GCA_000339755.1_ASM33975v1_genomic	102	76	59	53	27	15	1944173	1934173	1895718	1853917	1389980	943471	102	91444	1944173	36.84	48768	15728	45288.1	16	45	0.00
GCA_000339775.1_ASM33977v1_genomic	108	81	55	48	29	15	1984020	1973382	1918624	1868912	1513738	1052538	108	154994	1984020	36.68	52168	16788	53857.4	14	42	0.00
GCA_000339795.1_ASM33979v1_genomic	153	86	53	48	26	15	1991956	1967059	1888737	1852170	1433207	1071022	153	154997	1991956	36.71	52166	15030	54143.4	14	44	0.00
GCA_000339815.1_ASM33981v1_genomic	122	76	59	51	26	15	1977039	1957892	1926840	1865708	1433877	1055699	122	157496	1977039	36.70	52839	14808	53811.4	14	45	0.00
GCA_000339835.1_ASM33983v1_genomic	106	71	54	50	26	13	1961974	1949961	1914167	1887309	1473206	1009678	106	156039	1961974	36.76	51759	15885	58097.9	13	41	0.00
GCA_000339855.1_ASM33985v1_genomic	102	75	59	53	30	13	1962026	1952809	1921693	1882001	1475900	838241	102	92540	1962026	36.84	46212	16882	45248.7	17	45	0.00
GCA_000339875.1_ASM33987v1_genomic	116	82	63	55	28	13	1968630	1956078	1919165	1860569	1385961	872966	116	95996	1968630	36.67	44442	14722	45340.3	16	49	0.00
GCA_000339895.1_ASM33989v1_genomic	105	79	60	55	27	12	1941389	1932739	1895530	1863614	1383182	822508	105	90435	1941389	36.82	45662	16207	46090.6	16	46	0.00
GCA_000339915.1_ASM33991v1_genomic	99	67	54	47	29	13	1996009	1984025	1960640	1917230	1585180	1006784	99	157465	1996009	36.67	51723	17014	58699.4	13	40	0.00
GCA_000339935.1_ASM33993v1_genomic	115	81	62	59	30	13	1930238	1917762	1872140	1852316	1370037	812420	115	94775	1930238	36.88	37013	13415	41418.7	17	50	0.00
GCA_000339955.1_ASM33995v1_genomic	113	77	55	50	27	13	1953403	1939495	1890952	1855152	1460793	918224	113	139548	1953403	36.75	48899	14500	51733.2	15	43	0.00
GCA_000339975.1_ASM33997v1_genomic	113	82	64	53	26	12	2006044	1993142	1952624	1868251	1406042	876194	113	143216	2006044	36.79	46775	12565	51543.0	15	48	0.00
GCA_000339995.1_ASM33999v1_genomic	114	79	62	52	28	13	1991361	1977198	1939761	1867350	1484089	950283	114	144707	1991361	36.62	47139	12798	52778.7	14	46	0.00
GCA_000340015.1_ASM34001v1_genomic	185	110	73	61	26	12	2081419	2047608	1968222	1884200	1303521	792373	185	98668	2081419	36.76	40532	10603	40996.3	18	60	0.00
GCA_000340035.1_ASM34003v1_genomic	131	96	66	49	29	12	1980457	1965948	1884443	1757641	1404576	770249	131	93250	1980457	36.74	40919	8981	42893.1	17	52	0.00
GCA_000340055.1_ASM34005v1_genomic	121	80	58	55	25	11	1925853	1908298	1862470	1844845	1321474	801984	121	133999	1925853	36.88	40973	15207	49107.8	15	46	0.00
GCA_000340075.1_ASM34007v1_genomic	139	101	73	65	30	7	2036028	2022869	1962148	1908642	1305536	481825	139	118558	2036028	36.58	34000	12330	38730.0	21	59	0.00
GCA_000340095.1_ASM34009v1_genomic	90	63	51	47	28	14	1872370	1861607	1840744	1813337	1473052	970072	90	114612	1872370	36.94	50675	17159	52557.7	14	39	0.00
GCA_000340115.1_ASM34011v1_genomic	113	70	52	50	30	11	1953006	1938634	1905062	1890445	1536295	789415	113	153822	1953006	36.86	46050	18015	52358.0	15	41	0.00
GCA_000340135.1_ASM34013v1_genomic	152	93	72	60	27	9	1977578	1951244	1910033	1826625	1268384	585093	152	98718	1977578	36.91	40532	10957	39594.2	18	56	0.00
GCA_000340155.1_ASM34015v1_genomic	119	84	63	55	29	11	2013675	1998532	1957468	1898815	1444025	801206	119	106594	2013675	36.73	40274	15046	46892.2	16	48	0.00
GCA_000340175.1_ASM34017v1_genomic	103	75	56	48	24	12	1960144	1949366	1911694	1854221	1439162	977270	103	165669	1960144	36.88	49702	14817	62678.5	13	41	0.00
GCA_000347795.1_5dc8_V1_genomic	9	9	7	6	5	4	2010949	2010949	2005236	1997188	1980440	1940524	9	931931	2010949	36.90	354736	325634	601737.1	2	4	0.70
GCA_000347815.1_KK21_V1_genomic	2	2	2	2	2	2	2034595	2034595	2034595	2034595	2034595	2034595	2	1622660	2034595	36.81	1622660	411935	1377530.1	1	2	0.44
GCA_000347835.1_KK23_V1_genomic	38	34	23	23	18	13	1976204	1973050	1945491	1945491	1855707	1670408	38	299112	1976204	36.70	134323	38851	136829.0	6	16	7.44
GCA_000347855.1_AC4446_V1_genomic	42	37	31	30	20	10	2003697	1999937	1990360	1981066	1809504	1442167	42	231678	2003697	36.92	167413	26425	132905.0	5	20	7.99
GCA_000347875.1_ATCC25175_V1_genomic	10	10	10	10	9	9	1999673	1999673	1999673	1999673	1987388	1987388	10	581322	1999673	36.87	233425	107076	314403.5	3	8	7.05
GCA_000347895.1_NCTC11060_V1_genomic	36	34	29	29	26	17	2021313	2019873	2009770	2009770	1962329	1603810	36	213678	2021313	37.00	94580	43987	97652.7	8	22	5.54
GCA_000375505.1_ASM37550v1_genomic	20	20	14	13	10	9	1988767	1988767	1975411	1969316	1914665	1880159	20	616300	1988767	36.71	319787	86313	335502.1	3	8	2.11
GCA_000496535.1_Streptococcus_mutans_PKUSS-HG01_genomic	12	12	10	8	7	7	2002612	2002612	1996257	1985066	1972212	1972212	12	650982	2002612	36.60	351325	169295	379868.2	2	6	0.15
GCA_000496555.1_Streptococcus_mutans_PKUSS-LG01_genomic	14	14	11	9	8	8	2001391	2001391	1991937	1980583	1967769	1967769	14	630312	2001391	36.66	211390	130353	343671.4	3	7	0.15
GCA_000522565.1_out_k25_n4_samp01-contigs.fa_genomic	53	45	30	29	21	14	2036366	2032374	2003095	1996655	1861353	1575917	53	253491	2036366	36.98	89289	33518	121912.4	7	20	0.00
GCA_000522585.1_out_k45_n4_samp02-contigs.fa_genomic	46	38	26	22	19	15	2151929	2148719	2120965	2093200	2031028	1858085	46	347163	2151929	36.77	134266	44596	148861.6	6	17	0.14
GCA_000522605.1_out_k41_n4_samp03-contigs.fa_genomic	91	64	45	39	26	19	2173582	2160076	2117767	2070633	1822800	1548797	91	163094	2173582	36.92	67744	21341	73753.5	11	32	0.00
GCA_000522625.1_out_k35_n4_samp04-contigs.fa_genomic	61	52	38	34	20	14	2048211	2043438	2007804	1981695	1712843	1486542	61	227261	2048211	36.90	92931	21329	100642.9	8	26	0.05
GCA_000522645.1_out_k29_n4_samp05-contigs.fa_genomic	57	47	34	33	24	16	2102707	2099642	2074025	2068704	1908520	1627837	57	213226	2102707	36.82	106823	27776	104525.5	7	24	0.00
GCA_000522665.1_out_k39_n4_samp06-contigs.fa_genomic	49	42	33	32	29	21	2222263	2219307	2197262	2191029	2133466	1838302	49	139765	2222263	36.75	89728	42699	85266.9	10	25	0.00
GCA_000522685.1_out_k25_n4_samp07-contigs.fa_genomic	106	78	50	42	30	15	2154480	2143770	2084769	2029823	1817515	1271198	106	202490	2154480	37.01	53733	17985	73062.6	12	36	0.00
GCA_000522705.1_out_k41_n4_samp08-contigs.fa_genomic	63	53	37	34	28	15	2289140	2285840	2252847	2226451	2137107	1649550	63	228164	2289140	36.78	89260	27209	108964.6	8	26	0.04
GCA_000522725.1_out_k27_n4_samp09-contigs.fa_genomic	104	77	55	51	31	14	2095204	2086014	2034387	2006615	1647873	981689	104	98918	2095204	36.78	49104	17181	50586.6	16	43	0.00
GCA_000522745.1_out_k43_n4_samp10-contigs.fa_genomic	44	38	29	28	24	16	2259163	2256408	2238959	2232621	2161669	1858138	44	310892	2259163	37.09	100294	40822	133738.3	7	20	0.00
GCA_000522765.1_out_k25_n4_samp13-contigs.fa_genomic	81	68	48	43	26	11	2077621	2072139	2030544	1993255	1676499	1123717	81	157478	2077621	37.00	62705	19147	73783.3	10	35	0.00
GCA_000522785.1_out_k29_n4_samp14-contigs.fa_genomic	53	42	31	27	22	19	2126752	2123782	2102663	2073849	1995011	1877173	53	212965	2126752	37.00	97499	44533	110838.5	7	20	0.00
GCA_000522805.2_out_k29_n4_samp15-contigs.fa_genomic	65	53	41	38	28	16	2214549	2210493	2188366	2170378	1992911	1530932	65	220188	2214549	36.94	73894	24403	90719.2	9	29	0.00
GCA_000522825.1_out_k37_n4_samp16-contigs.fa_genomic	46	40	29	25	20	15	2101922	2099614	2072381	2045159	1946854	1730173	46	245691	2101922	36.94	96201	40551	124088.2	7	19	0.00
GCA_000522845.1_out_k27_n4_samp17-contigs.fa_genomic	75	60	41	40	21	14	2061948	2057552	2012388	2006179	1657795	1373035	75	227209	2061948	36.74	72442	19147	89891.2	9	30	0.00
GCA_000522865.1_out_k43_n4_samp18-contigs.fa_genomic	58	47	35	30	26	20	2329852	2324141	2295602	2264316	2170374	1954802	58	246315	2329852	36.89	94212	34530	107373.3	9	24	0.00
GCA_000522885.1_out_k43_n4_samp19-contigs.fa_genomic	87	62	40	37	24	16	2095411	2084215	2044744	2025955	1774883	1466247	87	202641	2095411	37.07	74707	21034	83852.9	10	29	0.00
GCA_000522905.1_out_k45_n4_samp20-contigs.fa_genomic	39	35	25	23	19	15	2124986	2123829	2097676	2085212	2016206	1854499	39	275229	2124986	36.86	123128	42739	145194.2	6	17	0.00
GCA_000522925.1_out_k45_n4_samp21-contigs.fa_genomic	53	47	31	28	20	13	2110426	2107459	2060173	2038804	1884885	1612608	53	259439	2110426	36.99	120718	23844	131408.3	6	21	0.00
GCA_000522945.1_out_k41_n4_samp22-contigs.fa_genomic	49	41	29	28	22	17	2283584	2278487	2246330	2241201	2129563	1931668	49	244107	2283584	36.95	100247	42015	122516.8	7	20	0.00
GCA_000817065.1_ASM81706v1_genomic	1	1	1	1	1	1	2031692	2031692	2031692	2031692	2031692	2031692	1	2031692	2031692	36.83	2031692	2031692	2031692.0	1	1	0.00
GCA_001068415.1_ASM106841v1_genomic	62	48	35	34	22	14	2026153	2020558	1993700	1988431	1779529	1460235	62	224179	2026153	36.73	111492	22130	100973.2	7	24	0.00
GCA_001069835.1_ASM106983v1_genomic	49	43	32	31	21	15	2035965	2033767	2009400	2003043	1824443	1580580	49	224172	2035965	36.80	111492	23495	105300.9	7	22	0.00
GCA_001073145.1_ASM107314v1_genomic	30	28	24	20	16	14	2007546	2006515	1994584	1968396	1912973	1844543	30	250714	2007546	36.79	169969	56951	148284.7	5	14	5.98
GCA_001558215.1_ASM155821v1_genomic	1	1	1	1	1	1	1984441	1984441	1984441	1984441	1984441	1984441	1	1984441	1984441	36.89	1984441	1984441	1984441.0	1	1	0.00
GCA_001625005.1_ASM162500v1_genomic	24	18	15	13	10	9	2050195	2048014	2040813	2029144	1968509	1942703	24	637833	2050195	36.64	248236	77450	325196.9	3	8	0.00
GCA_001703615.1_ASM170361v1_genomic	37	36	27	25	21	17	2066006	2065197	2044161	2031675	1964165	1820807	37	382764	2066006	36.75	99235	43037	150278.1	6	18	0.05
GCA_002083175.2_ASM208317v2_genomic	1	1	1	1	1	1	2144124	2144124	2144124	2144124	2144124	2144124	1	2144124	2144124	36.74	2144124	2144124	2144124.0	1	1	0.00
GCA_002155285.1_ASM215528v1_genomic	1	1	1	1	1	1	2098341	2098341	2098341	2098341	2098341	2098341	1	2098341	2098341	36.77	2098341	2098341	2098341.0	1	1	4.77
GCA_002157665.1_ASM215766v1_genomic	1	1	1	1	1	1	2003112	2003112	2003112	2003112	2003112	2003112	1	2003112	2003112	36.66	2003112	2003112	2003112.0	1	1	1417.79
GCA_002179995.1_ASM217999v1_genomic	68	60	53	44	28	12	1985972	1979880	1962400	1895632	1602916	994461	68	176618	1985972	36.85	50599	18402	64217.4	12	37	0.45
GCA_002212845.1_ASM221284v1_genomic	57	51	41	35	26	17	2012978	2010905	1995017	1957721	1795471	1466952	57	146083	2012978	36.82	67036	23173	79096.8	10	27	0.00
GCA_002212855.1_ASM221285v1_genomic	40	29	26	24	20	14	1990377	1985562	1976829	1965703	1911949	1692887	40	220541	1990377	36.77	120071	35985	125507.4	6	17	0.00
GCA_002212885.1_ASM221288v1_genomic	42	36	27	24	20	13	1998996	1996891	1972349	1954786	1880252	1621572	42	299104	1998996	36.66	127406	31753	141503.3	5	18	0.00
GCA_002212905.1_ASM221290v1_genomic	37	31	25	23	20	16	1984238	1982194	1966085	1954766	1898489	1744168	37	227549	1984238	36.70	106798	47982	121047.5	7	17	0.00
GCA_002212925.1_ASM221292v1_genomic	65	38	29	28	23	16	2024471	2015544	1997057	1991787	1914275	1667213	65	227586	2024471	36.87	93067	35967	117304.8	7	20	0.00
GCA_002212935.1_ASM221293v1_genomic	40	21	16	15	13	12	2084933	2077302	2065230	2059131	2024925	1980477	40	395612	2084933	36.78	341377	57416	249800.4	3	11	2789.01
GCA_002212965.1_ASM221296v1_genomic	54	32	22	20	16	14	2004353	1996146	1971414	1960223	1888908	1800105	54	227320	2004353	36.60	139931	45639	137092.7	6	15	0.00
GCA_002212995.1_ASM221299v1_genomic	52	32	23	22	15	11	2001751	1993290	1972133	1965694	1848440	1692618	52	255757	2001751	36.77	160779	37427	156372.8	5	14	27.43
GCA_002213005.1_ASM221300v1_genomic	52	45	39	36	26	16	1980074	1977119	1960994	1944152	1799673	1467357	52	152416	1980074	36.74	85783	27801	80213.9	10	26	0.00
GCA_002213035.1_ASM221303v1_genomic	52	34	26	23	20	13	2003657	1997480	1974231	1956644	1902857	1643943	52	299327	2003657	36.66	127418	33227	143392.6	5	17	0.05
GCA_002213065.1_ASM221306v1_genomic	36	31	23	21	17	14	1995598	1993846	1971511	1960320	1889005	1764872	36	227342	1995598	36.58	139931	45639	134853.2	6	15	0.05
GCA_002995555.1_ASM299555v1_genomic	1	1	1	1	1	1	2088369	2088369	2088369	2088369	2088369	2088369	1	2088369	2088369	36.96	2088369	2088369	2088369.0	1	1	0.00
GCA_003466855.1_ASM346685v1_genomic	12	11	9	8	7	7	2020615	2020096	2013482	2007391	1994569	1994569	12	664298	2020615	36.74	366385	122183	404376.0	2	6	0.99
GCA_003691695.1_ASM369169v1_genomic	1	1	1	1	1	1	2076490	2076490	2076490	2076490	2076490	2076490	1	2076490	2076490	36.74	2076490	2076490	2076490.0	1	1	0.00
GCA_006386535.1_ASM638653v1_genomic	39	35	26	25	21	16	1929542	1927567	1903813	1896590	1832763	1654609	39	199876	1929542	36.74	109589	42857	106996.9	7	18	0.21
GCA_006739205.1_ASM673920v1_genomic	1	1	1	1	1	1	2018796	2018796	2018796	2018796	2018796	2018796	1	2018796	2018796	36.87	2018796	2018796	2018796.0	1	1	0.00
GCA_008831325.1_ASM883132v1_genomic	2	2	2	2	1	1	2022536	2022536	2022536	2022536	2009428	2009428	2	2009428	2022536	36.94	2009428	2009428	1996489.9	1	1	0.00
GCA_008831345.1_ASM883134v1_genomic	1	1	1	1	1	1	1976303	1976303	1976303	1976303	1976303	1976303	1	1976303	1976303	37.04	1976303	1976303	1976303.0	1	1	0.00
GCA_008831365.1_ASM883136v1_genomic	1	1	1	1	1	1	2050049	2050049	2050049	2050049	2050049	2050049	1	2050049	2050049	37.04	2050049	2050049	2050049.0	1	1	0.00
GCA_009738105.1_ASM973810v1_genomic	3	3	2	1	1	1	2028032	2028032	2023344	2015393	2015393	2015393	3	2015393	2028032	36.85	2015393	2015393	2002874.8	1	1	0.00
GCA_011765485.1_ASM1176548v1_genomic	1	1	1	1	1	1	2085365	2085365	2085365	2085365	2085365	2085365	1	2085365	2085365	36.87	2085365	2085365	2085365.0	1	1	0.00
GCA_011765505.1_ASM1176550v1_genomic	1	1	1	1	1	1	2080705	2080705	2080705	2080705	2080705	2080705	1	2080705	2080705	36.86	2080705	2080705	2080705.0	1	1	0.00
GCA_011765525.1_ASM1176552v1_genomic	1	1	1	1	1	1	2085254	2085254	2085254	2085254	2085254	2085254	1	2085254	2085254	36.87	2085254	2085254	2085254.0	1	1	0.00
GCA_011765545.1_ASM1176554v1_genomic	1	1	1	1	1	1	2085371	2085371	2085371	2085371	2085371	2085371	1	2085371	2085371	36.87	2085371	2085371	2085371.0	1	1	0.00
GCA_012273155.1_ASM1227315v1_genomic	1	1	1	1	1	1	2054143	2054143	2054143	2054143	2054143	2054143	1	2054143	2054143	36.88	2054143	2054143	2054143.0	1	1	4.87
GCA_012641085.1_ASM1264108v1_genomic	21	17	13	11	9	9	2001996	1999701	1992651	1981598	1953959	1953959	21	637469	2001996	36.91	279422	96850	336285.6	3	8	0.00
GCA_012641545.1_ASM1264154v1_genomic	16	16	11	10	7	7	2044568	2044568	2035119	2029848	1977198	1977198	16	611318	2044568	36.68	292541	167797	345163.5	3	7	0.00
GCA_012641565.1_ASM1264156v1_genomic	61	53	41	37	25	13	2026999	2021507	1991119	1967081	1779182	1347058	61	268080	2026999	36.68	77703	19523	101392.7	8	28	0.00
GCA_012641575.1_ASM1264157v1_genomic	11	9	7	6	5	5	1977024	1975532	1971831	1966560	1954591	1954591	11	794013	1977024	36.79	584336	216187	549983.4	2	4	0.00
GCA_012641605.1_ASM1264160v1_genomic	41	24	14	13	12	10	2031959	2021947	2000497	1995343	1981944	1905284	41	509546	2031959	36.89	165025	84446	303199.0	3	9	0.00
GCA_012641615.1_ASM1264161v1_genomic	31	27	16	14	13	10	2073321	2071060	2044246	2032182	2010383	1906980	31	507314	2073321	36.81	170024	61310	249668.5	4	10	0.00
GCA_012641625.1_ASM1264162v1_genomic	19	16	12	11	10	10	1964397	1962348	1951810	1946621	1924387	1924387	19	650241	1964397	36.74	351394	92746	338754.5	2	8	0.00
GCA_012641665.1_ASM1264166v1_genomic	23	13	10	8	7	6	1961863	1955993	1948468	1937140	1924043	1896501	23	725224	1961863	36.70	685435	83523	541746.2	2	5	0.00
GCA_012641765.1_ASM1264176v1_genomic	43	23	15	12	10	10	2089832	2076948	2060442	2041026	1992581	1992581	43	568083	2089832	36.90	208779	75778	307483.1	3	9	0.00
GCA_012641775.1_ASM1264177v1_genomic	36	20	14	13	12	11	2004916	1994460	1984930	1979782	1960498	1918473	36	375614	2004916	36.68	202690	85901	207975.3	4	10	0.00
GCA_012641805.1_ASM1264180v1_genomic	19	5	5	5	4	4	1992196	1984261	1984261	1984261	1962054	1962054	19	1173647	1992196	36.77	1173647	163893	846718.2	1	3	0.00
GCA_012641825.1_ASM1264182v1_genomic	52	17	11	9	7	7	2054294	2031706	2018810	2008304	1961544	1961544	52	620402	2054294	36.58	332395	119884	356619.1	3	7	0.00
GCA_012641845.1_ASM1264184v1_genomic	53	12	9	8	7	6	1981474	1956501	1953138	1947871	1928384	1886026	53	785085	1981474	36.84	369919	164510	449503.6	2	6	0.00
GCA_012641855.1_ASM1264185v1_genomic	11	10	7	6	5	5	1986924	1986397	1981703	1976575	1963617	1963617	11	774808	1986924	36.71	679374	170941	578557.4	2	4	0.00
GCA_012641885.1_ASM1264188v1_genomic	18	8	8	7	6	6	1984708	1978817	1978817	1973547	1951254	1951254	18	1172805	1984708	36.73	1172805	140405	756743.4	1	5	0.00
GCA_012641905.1_ASM1264190v1_genomic	14	13	10	8	6	6	2050803	2050066	2042431	2031921	1984487	1984487	14	762005	2050803	36.55	358160	171244	446046.7	2	6	0.00
GCA_012641925.1_ASM1264192v1_genomic	36	30	20	17	15	11	2041059	2036723	2018384	2000272	1964686	1817830	36	508813	2041059	36.78	156339	48084	222683.1	4	12	0.00
GCA_012641935.1_ASM1264193v1_genomic	16	14	10	8	7	7	1990492	1988935	1978748	1968108	1955066	1955066	16	609411	1990492	36.71	326650	177253	359592.7	3	6	0.00
GCA_012641965.1_ASM1264196v1_genomic	16	14	11	9	7	7	2014838	2013582	2007206	1996573	1950306	1950306	16	497230	2014838	36.75	343923	147746	338749.5	3	7	0.00
GCA_012641975.1_ASM1264197v1_genomic	13	12	9	8	6	6	2011414	2010732	2005624	2000353	1973763	1973763	13	640325	2011414	36.81	624773	189811	462131.3	2	5	0.00
GCA_012642005.1_ASM1264200v1_genomic	15	15	10	9	7	7	2073407	2073407	2064664	2059394	2030560	2030560	15	617657	2073407	36.65	295821	167087	357063.3	3	7	0.00
GCA_012642015.1_ASM1264201v1_genomic	4	3	3	3	2	2	2014513	2013966	2013966	2013966	1992832	1992832	4	1786452	2014513	36.91	1786452	206380	1605574.3	1	2	0.00
GCA_012642035.1_ASM1264203v1_genomic	23	21	17	16	14	14	2009530	2008197	1999124	1993858	1951539	1951539	23	356806	2009530	36.60	190984	72082	199728.9	4	12	0.00
GCA_012642055.1_ASM1264205v1_genomic	21	18	13	12	10	9	2035011	2032718	2024882	2019734	1989065	1962118	21	611859	2035011	36.56	338179	82495	343262.1	3	8	0.00
GCA_012642085.1_ASM1264208v1_genomic	18	17	13	12	11	10	1967929	1967122	1960038	1954770	1933271	1905041	18	352282	1967929	36.77	208199	88674	226950.0	4	9	0.00
GCA_012642105.1_ASM1264210v1_genomic	19	16	10	9	8	7	2030863	2028683	2014288	2008925	1985625	1960123	19	620941	2030863	36.62	333256	171338	360081.4	3	6	0.00
GCA_012642125.1_ASM1264212v1_genomic	17	15	11	9	8	7	2030630	2029305	2019474	2008968	1985668	1960608	17	621556	2030630	36.62	333256	171127	360557.4	3	6	0.00
GCA_012642145.1_ASM1264214v1_genomic	7	5	5	5	4	4	1981025	1979648	1979648	1979648	1957437	1957437	7	1169142	1981025	36.79	1169142	163260	846107.2	1	3	0.00
GCA_012642165.1_ASM1264216v1_genomic	12	11	9	8	5	5	2039165	2038578	2034010	2028738	1969496	1969496	12	745234	2039165	36.77	628496	171519	525309.7	2	5	0.00
GCA_012642185.1_ASM1264218v1_genomic	12	10	9	8	6	6	2051174	2049430	2045650	2040389	2004347	2004347	12	625308	2051174	36.70	611412	168990	445518.8	2	6	0.00
GCA_012642205.1_ASM1264220v1_genomic	12	12	9	7	6	6	2011891	2011891	2004256	1993309	1980261	1980261	12	766205	2011891	36.69	357143	170800	456809.7	2	5	0.00
GCA_012642225.1_ASM1264222v1_genomic	38	25	17	14	13	10	2077181	2069280	2051723	2031129	2009334	1906051	38	507121	2077181	36.87	170017	61310	249022.5	4	10	0.00
GCA_012642235.1_ASM1264223v1_genomic	13	11	9	8	7	6	2114820	2113667	2111278	2106009	2084510	2057245	13	1009141	2114820	36.65	344684	193320	600329.9	2	5	0.00
GCA_012642265.1_ASM1264226v1_genomic	23	14	9	8	7	7	1981226	1975557	1961959	1956602	1943644	1943644	23	724522	1981226	36.79	613057	77412	518076.5	2	5	0.00
GCA_012642275.1_ASM1264227v1_genomic	24	21	16	15	13	12	1958306	1956426	1942127	1936856	1906869	1860942	24	414853	1958306	36.76	182094	82233	198927.5	4	11	0.00
GCA_012642305.1_ASM1264230v1_genomic	16	9	7	6	4	4	1968640	1964550	1957636	1952254	1920831	1920831	16	1091569	1968640	36.83	1091569	160289	732612.1	1	4	0.00
GCA_012642325.1_ASM1264232v1_genomic	22	21	18	17	14	12	2020767	2020164	2014208	2008937	1955720	1869143	22	520751	2020767	36.59	153380	54560	236992.2	4	12	0.00
GCA_012642345.1_ASM1264234v1_genomic	18	12	9	8	7	7	1988846	1985111	1980497	1975284	1962325	1962325	18	653038	1988846	36.73	338447	147333	381803.0	3	6	0.00
GCA_012642355.1_ASM1264235v1_genomic	23	12	9	8	7	7	1990785	1984375	1979761	1974633	1961675	1961675	23	653120	1990785	36.74	337410	147336	381185.8	3	6	0.00
GCA_012642365.1_ASM1264236v1_genomic	32	27	22	20	17	13	2012907	2009505	1995644	1985015	1916637	1759203	32	345792	2012907	36.65	145218	38993	170810.3	5	15	0.00
GCA_012642405.1_ASM1264240v1_genomic	25	24	21	19	15	14	1985422	1984469	1978492	1964262	1896224	1859932	25	240299	1985422	36.87	153044	80488	142582.6	6	13	0.00
GCA_014621675.1_ASM1462167v1_genomic	1	1	1	1	1	1	2011542	2011542	2011542	2011542	2011542	2011542	1	2011542	2011542	36.91	2011542	2011542	2011542.0	1	1	0.00
GCA_014842815.3_ASM1484281v3_genomic	1	1	1	1	1	1	1978522	1978522	1978522	1978522	1978522	1978522	1	1978522	1978522	37.03	1978522	1978522	1978522.0	1	1	0.00
GCA_015556125.1_ASM1555612v1_genomic	28	28	17	14	12	10	1990200	1990200	1966646	1947911	1909959	1833013	28	599939	1990200	36.88	183297	59512	291347.0	3	10	14.82
GCA_015668935.1_ASM1566893v1_genomic	23	23	16	13	11	11	2017397	2017397	2001995	1982416	1935525	1935525	23	384389	2017397	36.64	180083	84632	226858.8	4	10	9.67
GCA_015669655.1_ASM1566965v1_genomic	29	29	21	20	17	14	1987784	1987784	1967643	1962372	1910859	1789739	29	416210	1987784	36.69	111784	54472	169440.7	5	14	20.07
GCA_015670115.1_ASM1567011v1_genomic	25	25	15	13	11	10	2005180	2005180	1981198	1970659	1936050	1895464	25	353372	2005180	36.67	191193	81919	233247.8	4	9	39.05
GCA_015670285.1_ASM1567028v1_genomic	19	19	14	11	9	9	1995468	1995468	1984324	1966830	1920825	1920825	19	465644	1995468	36.70	329795	159571	281641.9	3	7	29.77
GCA_018588765.1_ASM1858876v1_genomic	27	22	18	16	12	11	2012417	2009136	1997565	1986318	1916982	1891777	27	547266	2012417	36.76	151152	81778	270113.6	3	10	0.40
GCA_018588785.1_ASM1858878v1_genomic	18	15	12	8	7	7	2011866	2009932	1999812	1973847	1960645	1960645	18	623558	2011866	36.71	441597	103781	392512.1	2	6	0.70
GCA_018588825.1_ASM1858882v1_genomic	29	22	19	16	14	12	2007660	2002881	1994246	1975479	1927837	1871198	29	317777	2007660	36.70	171372	77562	183414.2	5	12	0.50
GCA_018619415.1_ASM1861941v1_genomic	106	22	19	16	11	9	2003248	1979841	1975711	1954790	1882013	1808034	106	545370	2003248	36.84	193826	84411	262100.2	4	9	0.00
GCA_019048645.1_ASM1904864v1_genomic	1	1	1	1	1	1	2019345	2019345	2019345	2019345	2019345	2019345	1	2019345	2019345	36.87	2019345	2019345	2019345.0	1	1	0.00
GCA_019344865.1_ASM1934486v1_genomic	2	2	2	2	2	2	2226753	2226753	2226753	2226753	2226753	2226753	2	1848475	2226753	37.03	1848475	378278	1598719.8	1	2	0.00
GCA_019856215.1_ASM1985621v1_genomic	1	1	1	1	1	1	2060302	2060302	2060302	2060302	2060302	2060302	1	2060302	2060302	37.07	2060302	2060302	2060302.0	1	1	0.00
GCA_020529225.1_ASM2052922v1_genomic	36	30	20	18	16	15	2030762	2027505	2000323	1985189	1952424	1918186	36	242565	2030762	36.69	120385	77398	141952.5	6	14	0.00
GCA_020529245.1_ASM2052924v1_genomic	40	32	22	17	12	12	2064937	2060419	2040296	2002873	1922163	1922163	40	314651	2064937	36.84	242065	60071	192349.7	4	11	0.00
GCA_020529255.1_ASM2052925v1_genomic	16	14	11	10	9	8	2006001	2004809	1998653	1993382	1980456	1955448	16	633249	2006001	36.67	343136	81204	365640.4	3	7	0.00
GCA_020529275.1_ASM2052927v1_genomic	51	44	32	29	20	12	2081096	2077266	2053136	2031685	1896586	1617090	51	403262	2081096	36.71	139094	28165	158022.6	5	20	0.00
GCA_020529305.1_ASM2052930v1_genomic	15	13	11	9	8	8	1970703	1969961	1965041	1950638	1928458	1928458	15	695941	1970703	36.82	454389	89025	407646.0	2	7	0.00
GCA_020529325.1_ASM2052932v1_genomic	24	20	15	13	12	11	1997326	1994653	1984543	1969948	1957022	1928121	24	352619	1997326	36.79	182759	77278	231521.8	4	9	0.00
GCA_020529345.1_ASM2052934v1_genomic	18	16	13	11	9	8	1961429	1960592	1954531	1940005	1909173	1870121	18	427445	1961429	36.91	354521	89171	287125.9	3	7	0.00
GCA_020529365.1_ASM2052936v1_genomic	160	150	89	59	22	5	1928186	1920849	1760430	1533480	931550	384734	160	104917	1928186	37.05	24292	5820	32397.3	24	85	0.00
GCA_020529385.1_ASM2052938v1_genomic	27	24	20	17	14	13	2014454	2012170	2006462	1986976	1926411	1890180	27	539990	2014454	36.88	171796	60051	243397.9	4	12	0.00
GCA_020529405.1_ASM2052940v1_genomic	103	96	73	53	26	12	2008650	2002714	1931992	1787249	1354715	903682	103	142875	2008650	36.81	37056	9280	49046.8	15	56	0.00
GCA_020529415.1_ASM2052941v1_genomic	40	35	29	25	19	14	1988815	1986035	1971420	1944461	1856614	1666640	40	263822	1988815	36.65	107358	39843	122547.9	7	17	0.00
GCA_020529445.1_ASM2052944v1_genomic	29	27	21	20	19	16	1995225	1993812	1980248	1974982	1956237	1834163	29	236847	1995225	36.75	120268	56850	128467.5	6	16	0.00
GCA_020529465.1_ASM2052946v1_genomic	29	23	18	16	14	13	1987891	1984383	1972972	1958528	1924839	1883609	29	350181	1987891	36.67	173802	62175	186253.5	4	12	0.00
GCA_020529485.1_ASM2052948v1_genomic	24	19	14	12	10	9	1963630	1960953	1951563	1937158	1906432	1867472	24	426122	1963630	36.93	229001	89174	256677.6	3	8	0.00
GCA_020529495.1_ASM2052949v1_genomic	22	17	11	10	9	9	1997082	1993782	1975998	1966744	1944544	1944544	22	485506	1997082	36.73	308084	98062	287999.1	3	8	0.00
GCA_020529525.1_ASM2052952v1_genomic	51	43	38	30	17	11	2006004	2001434	1989542	1930145	1689951	1457852	51	270563	2006004	36.82	105777	21082	127251.2	6	22	0.00
GCA_020529545.1_ASM2052954v1_genomic	39	24	16	14	13	13	2009588	1999612	1983887	1969606	1947409	1947409	39	278938	2009588	36.75	159664	75727	173355.8	5	11	0.00
GCA_020529565.1_ASM2052956v1_genomic	29	20	14	11	9	8	1993719	1989137	1976998	1956708	1929217	1895542	29	609532	1993719	36.92	438048	103663	348692.3	2	7	0.00
GCA_020529585.1_ASM2052958v1_genomic	24	19	13	10	9	8	1974271	1971976	1960902	1940873	1924932	1891327	24	630532	1974271	36.79	188589	116215	326215.0	3	8	0.00
GCA_020529595.1_ASM2052959v1_genomic	66	61	48	42	30	15	2036894	2034825	2002993	1963956	1753868	1191523	66	176521	2036894	36.69	52599	18172	68277.7	12	34	0.00
GCA_020529625.1_ASM2052962v1_genomic	21	15	11	9	7	7	2010400	2006531	1998606	1984088	1947924	1947924	21	654986	2010400	36.89	387239	162746	374788.8	2	6	0.00
GCA_020529645.1_ASM2052964v1_genomic	24	18	14	12	9	9	2018330	2014251	2005352	1990901	1931329	1931329	24	491558	2018330	36.82	201269	105268	285167.7	3	8	0.00
GCA_020529665.1_ASM2052966v1_genomic	45	41	33	29	19	14	2001452	1998925	1979956	1948122	1799423	1611742	45	220313	2001452	36.83	131431	21189	117230.3	6	20	0.00
GCA_020529685.1_ASM2052968v1_genomic	31	25	20	18	15	14	2006503	2003663	1995215	1984917	1933618	1887305	31	355921	2006503	36.80	186023	56487	177174.6	4	13	0.00
GCA_020529705.1_ASM2052970v1_genomic	60	46	32	27	21	12	2076714	2070286	2043080	2008825	1907939	1544335	60	257618	2076714	36.83	118700	31949	125463.1	6	20	0.00
GCA_020529725.1_ASM2052972v1_genomic	173	164	105	69	22	2	1971069	1964545	1803022	1549540	764477	114218	173	60809	1971069	37.02	21242	5593	22696.3	32	100	0.00
GCA_020529745.1_ASM2052974v1_genomic	448	379	98	36	0	0	1709188	1656434	904866	462799	0	0	448	20293	1709188	37.72	5483	1805	6939.5	89	298	0.00
GCA_020529765.1_ASM2052976v1_genomic	75	50	33	31	22	13	2015424	2000726	1962692	1951418	1805325	1481140	75	198862	2015424	36.81	112392	22908	110852.7	6	23	0.00
GCA_020529785.1_ASM2052978v1_genomic	32	28	22	20	17	14	2001674	1999731	1986476	1971487	1917494	1824489	32	414479	2001674	36.71	135807	53265	172245.6	5	14	0.00
GCA_020529795.1_ASM2052979v1_genomic	46	40	30	28	21	13	2005948	2002604	1979414	1965283	1846685	1564527	46	243059	2005948	36.67	121634	27863	118933.0	6	20	0.00
GCA_020529825.1_ASM2052982v1_genomic	55	54	44	38	27	16	1979908	1978955	1952547	1910826	1722899	1319024	55	161354	1979908	36.90	62817	19923	71881.1	11	30	0.00
GCA_020529845.1_ASM2052984v1_genomic	164	142	77	58	26	10	2168688	2154644	1999942	1873679	1313388	780170	164	104134	2168688	36.79	32243	6246	42793.1	18	69	0.00
GCA_020529865.1_ASM2052986v1_genomic	61	57	43	36	28	18	2035198	2033480	1996839	1943493	1802794	1457259	61	113337	2035198	36.75	77414	21997	69278.5	11	30	0.00
GCA_020529885.1_ASM2052988v1_genomic	31	24	16	14	13	10	2025937	2022601	2002929	1991050	1972421	1865192	31	612927	2025937	36.88	184031	63811	295292.2	3	10	0.00
GCA_020529905.1_ASM2052990v1_genomic	26	19	15	13	9	9	2018804	2014682	2004866	1990343	1919965	1919965	26	395477	2018804	36.82	206968	105236	234649.2	4	9	0.00
GCA_020529915.1_ASM2052991v1_genomic	347	310	121	58	6	0	1949811	1920461	1460957	1027274	212832	0	347	43747	1949811	37.00	11134	2362	13336.2	53	205	0.00
GCA_020529945.1_ASM2052994v1_genomic	121	109	74	54	25	10	1980095	1971249	1883946	1729649	1245782	730167	121	110284	1980095	36.98	37088	8681	43159.1	17	60	0.00
GCA_020529965.1_ASM2052996v1_genomic	25	18	14	13	10	10	1981018	1977815	1970720	1965495	1914280	1914280	25	630911	1981018	36.77	186895	83569	311763.5	3	9	0.00
GCA_020529985.1_ASM2052998v1_genomic	17	16	13	12	10	9	2011425	2010919	2004943	1999672	1964793	1928968	17	352042	2011425	36.67	339108	120412	248418.9	3	8	0.00
GCA_020529995.1_ASM2052999v1_genomic	98	91	78	61	29	6	1965483	1961601	1934512	1808095	1272380	419398	98	86061	1965483	36.83	35704	11935	37270.4	20	58	0.00
GCA_020530025.1_ASM2053002v1_genomic	41	36	28	25	17	14	1983456	1981142	1963795	1946171	1803516	1688027	41	248494	1983456	36.73	148787	34754	129348.0	6	17	0.00
GCA_020530045.1_ASM2053004v1_genomic	91	84	65	51	23	14	2023452	2018485	1967226	1871469	1367829	1086320	91	132912	2023452	36.80	54023	13581	54444.2	13	47	0.00
GCA_020530065.1_ASM2053006v1_genomic	19	14	12	11	10	9	1987369	1983701	1979936	1974820	1961894	1932942	19	614471	1987369	36.76	329327	77278	349396.2	3	7	0.00
GCA_020530075.1_ASM2053007v1_genomic	25	19	14	12	10	9	2096346	2092533	2080909	2066400	2030642	1985031	25	495618	2096346	36.75	207806	93082	280486.7	3	8	0.00
GCA_020530105.1_ASM2053010v1_genomic	26	20	14	13	12	12	2000220	1997087	1981493	1972239	1950046	1950046	26	350683	2000220	36.71	191581	75727	203902.0	4	10	0.00
GCA_020530125.1_ASM2053012v1_genomic	24	21	16	14	12	12	1991354	1989756	1980972	1966740	1933664	1933664	24	392517	1991354	36.89	180802	91236	201331.4	5	10	0.00
GCA_020530145.1_ASM2053014v1_genomic	20	19	13	12	11	11	1988627	1988261	1975657	1970386	1957460	1957460	20	508225	1988627	36.71	190909	106709	251021.0	4	9	0.00
GCA_020530165.1_ASM2053016v1_genomic	26	23	20	17	15	11	2013563	2011765	2006022	1986567	1947058	1788965	26	308632	2013563	36.84	161707	48910	174955.0	5	12	0.00
GCA_020530185.1_ASM2053018v1_genomic	34	27	23	22	17	15	1989152	1985085	1976324	1971108	1886346	1815776	34	308866	1989152	36.78	111089	61031	141567.5	6	15	0.00
GCA_020530205.1_ASM2053020v1_genomic	56	52	44	40	28	14	1985181	1982690	1960261	1933304	1708739	1220924	56	158576	1985181	36.67	67280	22195	69932.7	11	32	0.00
GCA_020530225.1_ASM2053022v1_genomic	32	23	13	11	9	8	2036534	2031671	2010359	1991335	1947980	1918234	32	388297	2036534	36.88	358472	117628	278758.8	3	7	0.00
GCA_020530245.1_ASM2053024v1_genomic	56	50	39	28	22	15	1973188	1969983	1939025	1855769	1742988	1496236	56	240201	1973188	36.86	82807	24091	99313.2	8	24	0.00
GCA_020530255.1_ASM2053025v1_genomic	36	28	17	15	11	10	2016963	2013313	1987419	1975603	1911009	1862014	36	490652	2016963	36.87	147864	61579	285980.5	3	10	0.00
GCA_020530285.1_ASM2053028v1_genomic	30	24	14	12	9	9	2010224	2006613	1988505	1974062	1919022	1919022	30	371961	2010224	36.66	173905	121262	237122.6	4	9	0.00
GCA_020530305.1_ASM2053030v1_genomic	42	35	28	23	19	15	1976748	1972850	1957131	1920358	1850312	1708226	42	284411	1976748	36.77	108390	35714	129214.7	6	17	0.00
GCA_020530325.1_ASM2053032v1_genomic	23	20	16	14	11	10	2019730	2018238	2007096	1992665	1935235	1895973	23	502010	2019730	36.71	329389	60522	283744.6	3	9	0.00
GCA_020530345.1_ASM2053034v1_genomic	55	47	38	34	23	16	1952963	1948089	1928446	1903753	1733383	1455065	55	265479	1952963	36.90	73450	20039	99035.3	8	25	0.00
GCA_020530355.1_ASM2053035v1_genomic	25	21	16	14	13	13	1997327	1994881	1984897	1970473	1948251	1948251	25	301119	1997327	36.76	160383	85640	179120.0	5	11	0.00
GCA_020530365.1_ASM2053036v1_genomic	29	23	17	14	13	12	1959437	1955747	1943408	1923736	1910861	1862462	29	304476	1959437	37.00	225576	55317	191990.5	4	11	0.00
GCA_020530405.1_ASM2053040v1_genomic	26	23	13	11	9	9	2017067	2014727	1992686	1978155	1934860	1934860	26	494396	2017067	36.77	194922	153245	257373.9	4	8	0.00
GCA_020530425.1_ASM2053042v1_genomic	21	17	13	11	9	9	2030299	2027389	2018051	2003611	1956695	1956695	21	610432	2030299	36.75	265910	81129	323989.8	3	8	0.00
GCA_020530445.1_ASM2053044v1_genomic	27	20	14	12	10	8	1968359	1965032	1953379	1938855	1908308	1835436	27	389564	1968359	36.91	356550	65486	271840.9	3	8	0.00
GCA_020530465.1_ASM2053046v1_genomic	22	15	11	10	9	9	1995649	1990944	1982179	1972924	1950730	1950730	22	578245	1995649	36.73	225274	104175	297889.4	3	8	0.00
GCA_020530485.1_ASM2053048v1_genomic	42	35	26	22	17	14	2020517	2017088	1997714	1971974	1884884	1781976	42	312896	2020517	36.68	124063	39226	143313.3	6	15	0.00
GCA_020530495.1_ASM2053049v1_genomic	61	55	44	40	31	17	1970073	1965979	1936310	1907237	1747017	1280613	61	141693	1970073	36.77	60170	20608	63548.5	12	33	0.00
GCA_020530525.1_ASM2053052v1_genomic	29	24	14	11	10	8	2040699	2038014	2016197	1996387	1973102	1913065	29	591172	2040699	36.72	325010	89485	328279.1	3	8	0.00
GCA_020530545.1_ASM2053054v1_genomic	19	15	13	11	10	9	1966497	1963810	1959943	1945421	1933430	1884469	19	539455	1966497	36.89	210059	97766	294593.2	3	8	0.00
GCA_020530565.1_ASM2053056v1_genomic	22	19	14	13	10	10	1979951	1978439	1970987	1965721	1906658	1906658	22	358778	1979951	36.85	199296	107960	213925.0	4	9	0.00
GCA_020530585.1_ASM2053058v1_genomic	28	22	17	14	11	11	2033991	2031150	2018285	2002500	1957739	1957739	28	343371	2033991	36.64	188387	82824	214366.1	4	10	0.00
GCA_020530605.1_ASM2053060v1_genomic	18	17	12	10	9	9	2007186	2006589	1995616	1981162	1966773	1966773	18	347540	2007186	36.73	334671	122208	251359.0	3	8	0.00
GCA_020530625.1_ASM2053062v1_genomic	75	62	43	31	21	14	2030061	2020708	1976633	1887005	1719046	1467121	75	184892	2030061	36.97	80129	16148	96513.5	8	27	0.00
GCA_020530645.1_ASM2053064v1_genomic	70	41	21	18	15	12	2102570	2086784	2038185	2015442	1973446	1861943	70	315851	2102570	36.94	197088	42894	171430.7	5	13	0.00
GCA_020530665.1_ASM2053066v1_genomic	39	31	20	16	12	10	2072888	2069308	2040801	2013758	1933610	1841993	39	418081	2072888	36.78	188726	47756	219596.6	4	11	0.00
GCA_020530685.1_ASM2053068v1_genomic	139	106	46	32	20	12	2224503	2207293	2060636	1961659	1781692	1494214	139	246615	2224503	36.69	79242	8100	115666.5	7	37	0.00
GCA_020530705.1_ASM2053070v1_genomic	140	133	88	59	27	4	1966668	1961848	1839262	1627385	1086437	243647	140	73158	1966668	37.01	28421	6654	29827.3	24	77	0.00
GCA_020530725.1_ASM2053072v1_genomic	55	48	42	36	29	15	1995492	1991569	1981223	1939193	1825036	1292462	55	154252	1995492	36.86	64036	29570	75931.9	10	28	0.00
GCA_020530745.1_ASM2053074v1_genomic	48	41	28	25	19	15	1971980	1967949	1933821	1910070	1835860	1709426	48	242274	1971980	36.96	103920	35190	127982.7	6	17	0.00
GCA_020530765.1_ASM2053076v1_genomic	55	42	34	30	22	17	2017361	2010065	1994948	1966086	1822808	1627877	55	218302	2017361	36.81	90034	26719	100165.4	8	22	0.00
GCA_020530785.1_ASM2053078v1_genomic	99	85	52	36	24	16	2216997	2209250	2137108	2024944	1831940	1548546	99	163546	2216997	36.44	93421	13350	82382.5	10	34	0.00
GCA_020530795.1_ASM2053079v1_genomic	65	39	18	14	13	11	2069538	2055513	2010926	1983274	1964645	1887735	65	479465	2069538	36.99	170732	63811	226613.6	4	11	0.00
GCA_020530805.1_ASM2053080v1_genomic	193	172	111	65	21	1	1907474	1893061	1729493	1402135	693248	54837	193	54837	1907474	37.30	18606	5062	20560.7	33	109	0.00
GCA_020530845.1_ASM2053084v1_genomic	15	14	9	8	7	7	2014827	2014444	2005715	2000444	1987518	1987518	15	649484	2014827	36.69	343260	160290	382161.7	3	6	0.00
GCA_020530865.1_ASM2053086v1_genomic	32	23	13	12	11	11	2009446	2004538	1982110	1972855	1950658	1950658	32	530732	2009446	36.74	191470	76138	272995.8	3	9	0.00
GCA_020530875.1_ASM2053087v1_genomic	82	41	19	13	11	11	2103908	2081625	2035794	1998152	1952436	1952436	82	339076	2103908	36.87	236459	60033	222241.6	4	10	0.00
GCA_020530905.1_ASM2053090v1_genomic	34	27	16	14	12	10	2006088	2001430	1980338	1965828	1923247	1857516	34	504617	2006088	36.74	184488	66482	285006.8	3	10	0.00
GCA_020530925.1_ASM2053092v1_genomic	36	24	19	17	14	12	2009407	2003355	1993046	1978578	1930557	1857517	36	411000	2009407	36.86	181173	75595	214949.9	4	12	0.00
GCA_020530945.1_ASM2053094v1_genomic	29	24	19	17	13	11	1995218	1992940	1983509	1969035	1897547	1837972	29	596020	1995218	36.82	161017	68247	274944.5	3	11	0.00
GCA_020530965.1_ASM2053096v1_genomic	35	27	17	15	11	11	1994238	1990588	1966004	1954180	1889685	1889685	35	472390	1994238	36.89	164975	92917	247998.5	3	10	0.00
GCA_020530985.1_ASM2053098v1_genomic	20	18	14	13	9	9	1961069	1959515	1952594	1947325	1879712	1879712	20	343744	1961069	36.84	256265	120590	228697.6	4	8	0.00
GCA_020531005.1_ASM2053100v1_genomic	25	23	17	14	13	12	1968967	1967420	1956048	1934470	1921032	1886398	25	305778	1968967	36.91	177607	118698	179113.9	5	10	0.00
GCA_020531025.1_ASM2053102v1_genomic	20	18	14	12	9	9	2027966	2027285	2019467	2006967	1958722	1958722	20	437868	2027966	36.67	345524	77398	277487.2	3	8	0.00
GCA_020531045.1_ASM2053104v1_genomic	49	44	33	29	19	15	2028741	2025081	1998753	1972211	1794802	1644535	49	242944	2028741	36.77	99616	21725	109602.1	7	21	0.00
GCA_020531065.1_ASM2053106v1_genomic	68	61	51	44	29	15	1971853	1968146	1946475	1897296	1655654	1168059	68	110357	1971853	36.89	59653	15400	60438.3	12	36	0.00
GCA_020531085.1_ASM2053108v1_genomic	25	20	13	11	9	9	2036798	2034674	2021227	2006703	1969582	1969582	25	438000	2036798	36.69	345489	83013	277104.7	3	8	0.00
GCA_020531105.1_ASM2053110v1_genomic	22	18	14	13	10	9	1974299	1972346	1964727	1959502	1907960	1881886	22	625825	1974299	36.81	365725	83755	333121.6	2	8	0.00
GCA_020531125.1_ASM2053112v1_genomic	66	60	48	43	26	12	2003212	1999861	1967406	1935056	1634755	1135296	66	207335	2003212	36.67	61773	18973	77282.7	10	34	0.00
GCA_020531145.1_ASM2053114v1_genomic	28	21	14	13	12	12	2002003	1998314	1982177	1972924	1950731	1950731	28	530732	2002003	36.72	159664	75727	244698.7	4	10	0.00
GCA_020531165.1_ASM2053116v1_genomic	41	30	19	17	16	12	1996491	1991371	1966157	1954341	1940081	1798418	41	435259	1996491	36.89	147911	63220	191544.0	5	12	0.00
GCA_020531185.1_ASM2053118v1_genomic	42	33	23	20	14	11	1994649	1990671	1966087	1946862	1834779	1709226	42	338487	1994649	36.89	133932	40266	164235.3	5	13	0.00
GCA_020531205.1_ASM2053120v1_genomic	26	22	15	13	10	10	2026462	2024776	2008413	1993193	1935601	1935601	26	344554	2026462	36.68	336446	82824	239546.0	3	9	0.00
GCA_020531225.1_ASM2053122v1_genomic	29	25	20	18	15	11	2066820	2064300	2051656	2037143	1976965	1847814	29	310555	2066820	36.77	185910	39494	188443.8	5	12	0.00
GCA_020531245.1_ASM2053124v1_genomic	128	112	72	56	30	11	1979584	1968424	1870554	1754827	1347340	706921	128	88738	1979584	36.94	35540	9240	39141.4	18	59	0.00
GCA_020531255.1_ASM2053125v1_genomic	27	23	15	14	13	13	2003360	2001760	1981779	1972533	1950173	1950173	27	530732	2003360	36.72	150076	75857	235304.0	4	11	0.00
GCA_020531285.1_ASM2053128v1_genomic	48	32	21	17	12	10	2074784	2066410	2035584	2008837	1928567	1836886	48	522995	2074784	36.78	154931	47788	243222.3	4	11	0.00
GCA_020531305.1_ASM2053130v1_genomic	23	21	14	12	10	10	2032536	2031573	2017826	2003309	1966188	1966188	23	529646	2032536	36.68	287040	83457	290657.3	3	8	0.00
GCA_020531325.1_ASM2053132v1_genomic	115	105	62	44	24	13	2029071	2021304	1918302	1789739	1443943	1047185	115	166462	2029071	36.89	53691	9125	58618.8	13	48	0.00
GCA_020531345.1_ASM2053134v1_genomic	19	16	14	13	9	8	2059215	2057680	2052949	2047657	1969318	1940302	19	630629	2059215	36.81	625408	82287	424900.2	2	7	0.00
GCA_020531355.1_ASM2053135v1_genomic	33	29	20	18	17	15	2035314	2032987	2008836	1994329	1982506	1904965	33	231111	2035314	36.66	138163	79037	139447.3	6	14	0.00
GCA_020531385.1_ASM2053138v1_genomic	19	15	12	12	11	11	1987413	1985606	1978442	1978442	1956211	1956211	19	530764	1987413	36.68	191502	76170	277068.3	3	9	0.00
GCA_020531405.1_ASM2053140v1_genomic	37	32	22	21	17	14	1990012	1987705	1964519	1955263	1886028	1769178	37	226147	1990012	36.78	132700	44870	130178.5	6	15	0.00
GCA_020531425.1_ASM2053142v1_genomic	17	14	11	9	6	6	1993627	1992063	1987115	1972621	1921310	1921310	17	630805	1993627	36.82	629791	158650	455101.8	2	5	0.00
GCA_020531445.1_ASM2053144v1_genomic	39	35	27	23	16	12	2016011	2014294	1997750	1971235	1843893	1695142	39	356894	2016011	36.72	171420	34481	176622.1	4	16	0.00
GCA_020531465.1_ASM2053146v1_genomic	38	29	20	17	12	9	2024703	2019918	1998067	1975381	1892836	1752472	38	511413	2024703	36.84	252036	46473	270480.3	3	11	0.00
GCA_020531485.1_ASM2053148v1_genomic	156	143	94	65	21	6	1999914	1991106	1858355	1651648	904509	359512	156	73811	1999914	37.02	24072	6441	29068.2	25	84	0.00
GCA_020531505.1_ASM2053150v1_genomic	133	127	98	67	26	2	1912856	1908316	1832670	1595514	907521	106886	133	56558	1912856	37.14	22761	8401	24933.6	29	81	0.00
GCA_020531525.1_ASM2053152v1_genomic	25	24	20	17	14	10	1988968	1987988	1981917	1962232	1902149	1751416	25	360529	1988968	36.85	243896	47475	208194.4	4	11	0.00
GCA_020531545.1_ASM2053154v1_genomic	31	26	18	17	12	11	2070733	2068716	2054482	2045228	1953970	1912326	31	486212	2070733	36.73	192113	70497	226252.4	4	11	0.00
GCA_020531565.1_ASM2053156v1_genomic	20	17	15	13	12	11	1985186	1983726	1981329	1966801	1954947	1910297	20	383132	1985186	36.84	264223	71701	242080.7	3	10	0.00
GCA_020531585.1_ASM2053158v1_genomic	40	28	18	15	13	11	2043389	2037088	2017871	1999050	1972725	1902775	40	299304	2043389	36.67	190904	108699	189037.2	5	10	0.00
GCA_020531605.1_ASM2053160v1_genomic	22	18	15	14	13	12	1993925	1991970	1984735	1978641	1956446	1916905	22	530741	1993925	36.71	167374	75795	244110.6	4	10	0.00
GCA_020531625.1_ASM2053162v1_genomic	143	116	73	56	27	10	2097037	2075948	1961732	1846494	1376941	733356	143	102772	2097037	36.82	43154	7886	44034.2	17	61	0.00
GCA_020531635.1_ASM2053163v1_genomic	41	34	21	16	10	10	2059732	2055595	2027649	1990184	1890677	1890677	41	530773	2059732	36.77	220823	58667	270654.8	3	10	0.00
GCA_020531665.1_ASM2053166v1_genomic	18	17	14	11	8	8	2029799	2029357	2025888	2005461	1945991	1945991	18	624054	2029799	36.76	322584	99752	349559.0	3	7	0.00
GCA_021013185.1_ASM2101318v1_genomic	20	18	12	11	9	8	1963415	1962109	1946191	1941025	1910716	1884809	20	553263	1963415	36.90	261130	98908	317834.4	3	7	0.00
GCA_023109585.1_ASM2310958v1_genomic	17	16	11	9	8	7	2041017	2040280	2029691	2019258	1996058	1970469	17	621406	2041017	36.60	333161	171127	360959.1	3	6	14.70
GCA_024762155.1_ASM2476215v1_genomic	1	1	1	1	1	1	2033272	2033272	2033272	2033272	2033272	2033272	1	2033272	2033272	36.83	2033272	2033272	2033272.0	1	1	0.00
GCA_024762175.1_ASM2476217v1_genomic	1	1	1	1	1	1	2115009	2115009	2115009	2115009	2115009	2115009	1	2115009	2115009	36.83	2115009	2115009	2115009.0	1	1	0.00
GCA_024762195.1_ASM2476219v1_genomic	1	1	1	1	1	1	2114814	2114814	2114814	2114814	2114814	2114814	1	2114814	2114814	36.83	2114814	2114814	2114814.0	1	1	0.00
GCA_026782685.1_ASM2678268v1_genomic	11	11	10	9	8	8	1983862	1983862	1980572	1975384	1953196	1953196	11	657527	1983862	36.69	191065	152580	351853.7	3	7	4.89
GCA_026782705.1_ASM2678270v1_genomic	21	21	16	15	14	13	2022536	2022536	2009258	2003938	1985838	1941118	21	294706	2022536	36.71	188241	66440	174505.2	5	12	16.42
GCA_026782725.1_ASM2678272v1_genomic	13	13	10	8	7	7	1977685	1977685	1969116	1957817	1945055	1945055	13	652581	1977685	36.69	336941	146657	378172.4	2	6	0.20
GCA_026782745.1_ASM2678274v1_genomic	16	16	14	12	11	11	1979353	1979353	1974812	1962880	1940684	1940684	16	311756	1979353	36.68	191067	104492	213158.9	4	9	11.01
GCA_026782765.1_ASM2678276v1_genomic	14	14	12	10	9	9	1973536	1973536	1970062	1959636	1937623	1937623	14	593795	1973536	36.72	208358	103790	311157.3	3	8	9.42
GCA_026782785.1_ASM2678278v1_genomic	49	49	40	36	27	18	2037237	2037237	2016446	1993895	1847544	1549700	49	164009	2037237	36.66	78787	27629	79036.0	10	27	1.37
GCA_026782805.1_ASM2678280v1_genomic	15	15	13	12	10	10	1973508	1973508	1968184	1963017	1927614	1927614	15	493166	1973508	36.74	184678	104780	265926.1	3	9	0.00
GCA_026782825.1_ASM2678282v1_genomic	18	18	16	15	12	9	1951390	1951390	1946646	1941375	1890322	1795059	18	384627	1951390	36.84	199421	62393	232373.5	4	9	2.31
GCA_026782845.1_ASM2678284v1_genomic	15	15	12	11	10	10	1976909	1976909	1968850	1963638	1941162	1941162	15	586583	1976909	36.68	497011	75686	352690.9	2	8	0.00
GCA_026782885.1_ASM2678288v1_genomic	13	13	11	10	9	9	1976904	1976904	1973285	1968097	1946065	1946065	13	585891	1976904	36.67	492751	104842	357242.1	2	7	8.90
GCA_027658645.1_ASM2765864v1_genomic	24	23	18	14	11	11	1975176	1974360	1961385	1937255	1881666	1881666	24	349751	1975176	36.70	223214	58643	226425.1	4	10	2.53
GCA_027683265.1_ASM2768326v1_genomic	17	16	12	11	10	8	2019416	2018715	2011684	2005717	1989894	1909360	17	605237	2019416	36.74	218156	85286	333011.2	3	7	1.98
GCA_028325405.1_ASM2832540v1_genomic	22	22	15	12	10	10	1999617	1999617	1987126	1967365	1921360	1921360	22	465464	1999617	36.71	199257	130531	255196.6	3	8	24.55
GCA_028325945.1_ASM2832594v1_genomic	22	22	14	12	11	11	1997461	1997461	1980533	1969994	1957052	1957052	22	409104	1997461	36.64	327212	81918	255263.1	3	9	38.65
GCA_028326035.1_ASM2832603v1_genomic	13	13	6	6	5	5	1955456	1955456	1939445	1939445	1927660	1927660	13	791272	1955456	36.80	583010	176409	547550.2	2	4	5.06
GCA_028326065.1_ASM2832606v1_genomic	181	181	105	71	23	1	1973213	1973213	1797929	1551631	769813	52231	181	52231	1973213	36.79	20071	5397	21592.1	33	101	9.88
GCA_028326125.1_ASM2832612v1_genomic	22	22	18	15	13	13	1991487	1991487	1979321	1959691	1926753	1926753	22	437713	1991487	36.77	292479	58710	236129.8	3	11	10.44
GCA_028326145.1_ASM2832614v1_genomic	21	21	17	17	15	12	1990771	1990771	1979242	1979242	1952322	1849123	21	618490	1990771	36.77	174136	57732	282411.6	3	11	15.57
GCA_028326165.1_ASM2832616v1_genomic	28	28	20	14	14	14	2001244	2001244	1979675	1946059	1946059	1946059	28	356166	2001244	36.80	142207	77248	177700.7	5	12	19.69
GCA_029071925.1_ASM2907192v1_genomic	16	15	11	10	9	8	1994169	1993660	1985859	1980705	1962041	1913053	16	618525	1994169	36.83	531896	93832	387554.4	2	7	0.00
GCA_030294905.1_ASM3029490v1_genomic	1	1	1	1	1	1	2094589	2094589	2094589	2094589	2094589	2094589	1	2094589	2094589	36.78	2094589	2094589	2094589.0	1	1	0.10
GCA_030586545.1_ASM3058654v1_genomic	23	17	12	11	9	9	2010966	2009201	1998841	1993573	1948924	1948924	23	586440	2010966	36.70	503967	103886	356493.4	2	7	9.75
GCA_030739475.1_ASM3073947v1_genomic	18	9	8	8	7	7	1972578	1969241	1965707	1965707	1951074	1951074	18	630032	1972578	36.77	337306	147530	372519.3	3	6	0.00
GCA_030739515.1_ASM3073951v1_genomic	20	9	8	8	7	7	1981669	1977824	1974437	1974437	1961491	1961491	20	621137	1981669	36.70	342311	156558	370288.2	3	6	0.00
GCA_030739525.1_ASM3073952v1_genomic	21	11	8	7	6	6	1981793	1978157	1971979	1966974	1954978	1954978	21	800711	1981793	36.84	596574	157936	546737.9	2	5	9.74
GCA_030739555.1_ASM3073955v1_genomic	31	16	14	13	11	11	2026624	2021788	2017337	2012282	1984373	1984373	31	300443	2026624	36.82	200386	122086	209075.4	4	9	4.84
GCA_032378735.1_ASM3237873v1_genomic	16	15	11	10	8	7	2121191	2120669	2114330	2109128	2076423	2036581	16	620672	2121191	36.64	294842	148085	355952.6	3	7	0.00
GCA_032378775.1_ASM3237877v1_genomic	12	11	9	8	7	7	1965309	1964543	1960940	1955714	1933729	1933729	12	645106	1965309	36.73	495568	147914	403557.0	2	6	0.00
GCA_032378815.1_ASM3237881v1_genomic	9	9	8	7	6	6	1971035	1971035	1969891	1964791	1942614	1942614	9	1158921	1971035	36.76	1158921	147218	746278.1	1	5	0.00
GCA_032378835.1_ASM3237883v1_genomic	12	12	9	8	7	7	1969253	1969253	1961570	1956470	1936590	1936590	12	655553	1969253	36.76	497252	147217	408690.2	2	6	0.00
GCA_032378955.1_ASM3237895v1_genomic	25	23	17	16	15	13	1945888	1944452	1931118	1922343	1899979	1830917	25	343249	1945888	36.89	164596	53843	189014.6	4	12	0.00
GCA_032378975.1_ASM3237897v1_genomic	22	19	14	12	10	10	2049677	2047261	2033218	2021405	1986827	1986827	22	648479	2049677	36.71	180276	92713	320796.7	3	9	0.00
GCA_032378995.1_ASM3237899v1_genomic	20	19	16	16	13	11	1978110	1977388	1969415	1969415	1931781	1868679	20	636266	1978110	36.81	155193	85977	291995.9	3	10	0.00
GCA_032379015.1_ASM3237901v1_genomic	20	19	15	14	12	11	1972988	1972471	1962562	1957450	1930805	1903147	20	498366	1972988	36.88	150705	83518	293224.1	3	9	0.00
GCA_032379075.1_ASM3237907v1_genomic	14	13	10	8	7	7	1960523	1959894	1954487	1940236	1927534	1927534	14	607436	1960523	36.75	324665	173871	356284.1	3	6	0.00
GCA_032379235.1_ASM3237923v1_genomic	12	11	9	8	7	7	1949424	1948586	1944445	1939298	1917332	1917332	12	638027	1949424	36.72	482395	152626	396176.2	2	6	0.00
GCA_032379255.1_ASM3237925v1_genomic	15	14	12	12	10	9	1971570	1971042	1965048	1965048	1933016	1904193	15	599985	1971570	36.88	490595	93625	355366.6	2	8	0.00
GCA_032379275.1_ASM3237927v1_genomic	20	18	14	13	12	10	1975275	1973704	1961400	1956288	1940424	1863899	20	487983	1975275	36.89	150726	84503	294235.2	3	9	0.00
GCA_032379295.1_ASM3237929v1_genomic	12	11	9	8	7	7	1949781	1948943	1945020	1939873	1917907	1917907	12	637773	1949781	36.72	482461	152626	396094.7	2	6	0.00
GCA_032379335.1_ASM3237933v1_genomic	13	12	10	9	8	8	1952924	1952086	1948315	1943168	1921202	1921202	13	682588	1952924	36.72	191067	152626	358926.0	3	7	0.00
GCA_032379435.1_ASM3237943v1_genomic	13	12	9	8	7	7	1979476	1978670	1971650	1966423	1944452	1944452	13	659739	1979476	36.68	486681	153275	406874.2	2	6	0.00
GCA_032379455.1_ASM3237945v1_genomic	15	13	9	9	8	7	1992715	1991101	1979333	1979333	1960925	1911989	15	630915	1992715	36.81	629935	93844	446147.6	2	6	0.00
GCA_032379475.1_ASM3237947v1_genomic	18	17	12	12	11	10	1992373	1991538	1976427	1976427	1958019	1909182	18	531832	1992373	36.81	170207	90091	286562.1	3	9	0.00
GCA_032379495.1_ASM3237949v1_genomic	15	14	11	10	9	8	1992998	1992163	1983635	1978523	1960115	1911278	15	630915	1992998	36.81	394668	93844	352728.5	2	7	0.00
GCA_032379575.1_ASM3237957v1_genomic	12	12	12	10	8	6	1971275	1971275	1971275	1960154	1919548	1845220	12	783218	1971275	36.72	363897	116483	450162.6	2	6	0.00
GCA_032379635.1_ASM3237963v1_genomic	15	15	11	11	10	9	1992259	1992259	1978206	1978206	1959798	1910960	15	531751	1992259	36.81	484591	93602	322495.9	2	8	0.00
GCA_032379655.1_ASM3237965v1_genomic	7	7	7	6	5	5	1939537	1939537	1939537	1934423	1920930	1920930	7	728510	1939537	36.90	634724	187423	535491.1	2	4	0.00
GCA_032379685.1_ASM3237968v1_genomic	19	18	13	12	10	7	1971655	1970771	1955870	1949967	1908447	1793983	19	738172	1971655	36.72	360845	54495	410638.2	2	7	0.00
GCA_032379715.1_ASM3237971v1_genomic	13	13	10	8	7	7	1998439	1998439	1991427	1977257	1953846	1953846	13	752792	1998439	36.72	324729	163974	416136.7	2	6	0.00
GCA_032379735.1_ASM3237973v1_genomic	14	14	10	8	7	6	1998469	1998469	1988755	1974585	1951174	1902946	14	991099	1998469	36.72	324729	115724	590605.0	2	6	0.00
GCA_032379825.1_ASM3237982v1_genomic	13	12	10	9	8	8	2001576	2000772	1994093	1988865	1966907	1966907	13	492248	2001576	36.77	254978	146128	314276.0	3	7	0.00
GCA_032379855.1_ASM3237985v1_genomic	12	11	9	8	7	6	1976794	1976081	1971367	1966267	1944228	1908250	12	761187	1976794	36.73	356314	163957	439930.5	2	6	0.00
GCA_032379895.1_ASM3237989v1_genomic	10	9	8	7	6	6	1940295	1939484	1936446	1931332	1917836	1917836	10	725876	1940295	36.90	634452	117144	522049.8	2	5	0.00
GCA_032379915.1_ASM3237991v1_genomic	19	17	13	11	10	9	1941480	1940222	1932617	1918377	1896873	1848059	19	330942	1941480	36.76	182421	120234	219006.9	4	9	0.00
GCA_032379935.1_ASM3237993v1_genomic	13	13	11	9	8	7	2004714	2004714	2000887	1989782	1966636	1940056	13	763746	2004714	36.73	335811	108524	437145.7	2	6	0.00
GCA_032380015.1_ASM3238001v1_genomic	20	18	14	12	11	10	1942367	1940782	1930855	1916615	1895108	1846288	20	330942	1942367	36.76	170650	116321	202597.2	4	10	0.00
GCA_032380025.1_ASM3238002v1_genomic	10	10	10	8	7	6	2005694	2005694	2005694	1994589	1971452	1941821	10	642603	2005694	36.74	458269	164097	407877.3	2	6	0.00
GCA_032380095.1_ASM3238009v1_genomic	10	9	7	6	5	5	1949148	1948597	1944747	1939520	1917546	1917546	10	743724	1949148	36.73	633422	189339	540142.1	2	4	0.00
GCA_032380115.1_ASM3238011v1_genomic	18	17	11	10	8	7	2059908	2059233	2045052	2039945	1993615	1947532	18	619196	2059908	36.59	333152	121352	354983.6	3	7	0.00
GCA_032380135.1_ASM3238013v1_genomic	15	14	10	9	7	6	2059862	2059189	2047477	2042370	1996040	1949957	15	740958	2059862	36.59	354897	130135	429009.9	2	6	0.00
GCA_032380235.1_ASM3238023v1_genomic	18	18	16	14	12	11	2051845	2051845	2045227	2031089	1991229	1950001	18	375545	2051845	36.60	181892	67936	208854.1	4	10	0.00
GCA_032380255.1_ASM3238025v1_genomic	20	18	16	14	12	11	2051228	2049570	2046091	2031975	1992115	1950793	20	375545	2051228	36.60	181892	67934	209188.0	4	10	0.00
GCA_032380315.1_ASM3238031v1_genomic	24	23	16	14	12	9	2046441	2045448	2028484	2016541	1978440	1861479	24	520526	2046441	36.81	170171	105130	258006.6	4	9	0.00
GCA_032380335.1_ASM3238033v1_genomic	18	18	11	10	8	7	2059729	2059729	2048001	2042894	1996564	1950481	18	619196	2059729	36.59	336203	120448	355928.1	3	7	0.00
GCA_032380375.1_ASM3238037v1_genomic	17	16	12	11	10	9	2048478	2047766	2036601	2029832	2010563	1984838	17	522244	2048478	36.81	503020	121488	323579.3	2	8	0.00
GCA_032380415.1_ASM3238041v1_genomic	11	11	8	7	6	6	1959203	1959203	1953487	1948387	1928459	1928459	11	759389	1959203	36.76	476894	169830	472281.1	2	5	0.00
GCA_032380455.1_ASM3238045v1_genomic	11	10	9	8	7	7	1959017	1958308	1954802	1949702	1927515	1927515	11	654524	1959017	36.75	476277	149586	401983.2	2	6	0.00
GCA_032380475.1_ASM3238047v1_genomic	14	14	12	11	9	7	1997671	1997671	1990988	1985730	1945302	1862388	14	770401	1997671	36.74	338613	67927	425297.1	2	7	0.00
GCA_032380515.1_ASM3238051v1_genomic	9	8	8	6	5	5	2005653	2004810	2004810	1990719	1968141	1968141	9	1101098	2005653	36.74	1101098	163581	710159.7	1	5	0.00
GCA_032380575.1_ASM3238057v1_genomic	15	14	11	10	8	7	1996158	1995218	1988740	1983510	1943759	1905479	15	770401	1996158	36.73	338613	129472	429104.9	2	6	0.00
GCA_033484975.1_ASM3348497v1_genomic	12	6	5	5	4	4	2006102	2004187	1999398	1999398	1986452	1986452	12	1477833	2006102	36.82	1477833	170869	1132237.1	1	3	0.00
GCA_033484995.1_ASM3348499v1_genomic	21	9	8	8	7	7	1981824	1977775	1974388	1974388	1961442	1961442	21	621137	1981824	36.70	342345	156558	370254.9	3	6	0.00
GCA_033485035.1_ASM3348503v1_genomic	30	18	13	13	12	10	1963981	1959954	1947810	1947810	1927356	1858877	30	352516	1963981	36.84	195740	91346	218679.4	4	9	0.00
GCA_033485055.1_ASM3348505v1_genomic	58	36	28	25	14	10	2023643	2015985	1995243	1971274	1777003	1606633	58	375565	2023643	36.67	190034	19340	195306.1	4	17	4.79
GCA_033485075.1_ASM3348507v1_genomic	30	18	13	13	12	10	1963983	1959956	1947812	1947812	1927356	1858877	30	352516	1963983	36.84	195740	91346	218679.2	4	9	0.00
GCA_033598775.1_ASM3359877v1_genomic	27	22	18	15	11	10	1961213	1958858	1950984	1929631	1861145	1835396	27	543422	1961213	36.81	217446	72899	262159.3	3	10	0.00
GCA_900459345.1_36725_E02_genomic	2	2	2	1	1	1	2022743	2022743	2022743	2017289	2017289	2017289	2	2017289	2022743	37.05	2017289	2017289	2011864.4	1	1	0.00
GCA_900475095.1_42197_E01_genomic	1	1	1	1	1	1	2019343	2019343	2019343	2019343	2019343	2019343	1	2019343	2019343	36.87	2019343	2019343	2019343.0	1	1	0.00
GCA_900636835.1_44503_F02_genomic	1	1	1	1	1	1	2005322	2005322	2005322	2005322	2005322	2005322	1	2005322	2005322	36.92	2005322	2005322	2005322.0	1	1	0.00
GCA_901875565.1_Streptococcus_mutans_BgEED33_genomic	14	13	10	9	8	8	1980736	1979966	1975252	1969985	1947852	1947852	14	476850	1980736	36.69	280333	148434	295650.8	3	7	0.00
GCA_902365065.1_MGYG-HGUT-00277_genomic	12	11	9	8	7	7	2020615	2020096	2013482	2007391	1994569	1994569	12	664298	2020615	36.74	366385	122183	404376.0	2	6	0.99
GCA_905193455.1_ERR1190612-mag-bin.35_genomic	36	36	31	26	18	14	1971455	1971455	1956287	1916977	1773382	1653142	36	349885	1971455	36.87	106339	24069	144548.7	6	19	0.00
GCA_905371825.1_SRR9217392-mag-bin.12_genomic	45	45	40	36	26	14	1976835	1976835	1956981	1926106	1762753	1289006	45	255689	1976835	36.78	70048	23346	88776.0	9	27	0.00
GCA_938038795.1_ERR589362_bin.124_CONCOCT_v1.1_MAG_genomic	18	18	16	15	12	11	1985544	1985544	1982224	1976310	1936915	1899445	18	433307	1985544	36.72	177244	72871	234592.3	4	10	0.00
GCA_946222355.1_kNHPwAnfK3_bin.39.MAG_genomic	269	269	128	46	3	0	1712068	1712068	1236678	680409	82563	0	269	29473	1712068	37.24	7820	3237	9778.6	66	202	0.00
GCA_959599805.1_SRR16280109_bin.44_MetaWRAP_v1.3_MAG_genomic	27	27	27	24	18	15	1965284	1965284	1965284	1944594	1833477	1723703	27	237754	1965284	36.77	120443	40333	129572.4	6	17	0.00
GCA_963530015.1_ERR9969218_bin.13_MetaWRAP_v1.3_MAG_genomic	21	21	20	19	16	12	1940800	1940800	1938255	1932748	1884220	1739620	21	291042	1940800	36.61	168209	49281	163163.4	5	13	0.00
GCA_963537305.1_DRR247348_bin.10_MetaWRAP_v1.3_MAG_genomic	26	26	24	22	19	15	1906552	1906552	1897584	1883264	1837938	1683695	26	181288	1906552	36.75	116543	43387	113375.2	7	16	0.00
GCA_963542235.1_SRR17738127_bin.5_MetaWRAP_v1.3_MAG_genomic	236	236	77	11	0	0	1141016	1141016	578723	133627	0	0	236	15632	1141016	36.90	5089	2894	6011.1	76	194	0.00
GCA_963549565.1_SRR23388468_bin.52_MetaWRAP_v1.3_MAG_genomic	190	190	139	60	14	0	1959495	1959495	1772612	1216473	521978	0	190	48510	1959495	36.76	14014	5039	18363.3	40	138	0.00
GCA_963553385.1_SRR13061549_bin.14_MetaWRAP_v1.3_MAG_genomic	83	83	75	56	25	10	1897543	1897543	1870669	1738916	1247759	703315	83	101396	1897543	36.84	38004	11108	42991.1	16	54	0.00
GCA_963554915.1_SRR15443077_bin.1_MetaWRAP_v1.3_MAG_genomic	26	26	22	21	16	13	1980103	1980103	1965629	1959208	1864350	1741256	26	263149	1980103	36.68	158714	48725	155107.9	5	14	0.00
